,Season,Round,Date,Home Team,Away Team,Posiadanie piłki_home,Posiadanie piłki_away,Sytuacje bramkowe_home,Sytuacje bramkowe_away,Strzały na bramkę_home,Strzały na bramkę_away,Strzały niecelne_home,Strzały niecelne_away,Strzały zablokowane_home,Strzały zablokowane_away,Rzuty wolne_home,Rzuty wolne_away,Rzuty rożne_home,Rzuty rożne_away,Spalone_home,Spalone_away,Wrzuty z autu_home,Wrzuty z autu_away,Interwencje bramkarzy_home,Interwencje bramkarzy_away,Faule_home,Faule_away,Żółte kartki_home,Żółte kartki_away,Podania_home,Podania_away,Podania celne_home,Podania celne_away,Bloki_home,Bloki_away,Ataki_home,Ataki_away,Niebezpieczne ataki_home,Niebezpieczne ataki_away,Czerwone kartki_home,Czerwone kartki_away
0,2022-2023,28,"[<selenium.webdriver.remote.webelement.WebElement (session=""47a8dc835b4ddf90bcdb6c8b469aee36"", element=""55577635-146b-4024-ba39-9e2d6d60a6b5"")>]",Legia Warszawa,Lech Poznań,54%,46%,8,7,4,4,3,3,1,0,17,15,5,1,1,2,20,14,2,2,14,18,2,3,440,382,375,309,6,14,108,87,63,33,,
1,2022-2023,28,"[<selenium.webdriver.remote.webelement.WebElement (session=""47a8dc835b4ddf90bcdb6c8b469aee36"", element=""8473e4d1-6dc0-4d0b-a0bd-f82b12968d5c"")>]",Raków Częstochowa,Widzew Łódź,47%,53%,12,10,2,2,6,7,4,1,18,19,4,1,2,2,16,13,2,0,17,18,1,4,412,450,320,357,12,16,101,68,85,53,,
2,2022-2023,28,"[<selenium.webdriver.remote.webelement.WebElement (session=""47a8dc835b4ddf90bcdb6c8b469aee36"", element=""661e3142-2b20-4e0e-afb0-7b68c29b9c94"")>]",Piast Gliwice,Wisła Płock,37%,63%,16,3,3,1,11,1,2,1,18,19,6,2,2,1,11,25,1,2,18,19,5,1,334,580,250,475,11,11,92,121,68,63,,
3,2022-2023,28,"[<selenium.webdriver.remote.webelement.WebElement (session=""47a8dc835b4ddf90bcdb6c8b469aee36"", element=""1a37daf6-03ad-4794-b893-6bd7786d0a59"")>]",Lechia Gdańsk,Pogoń Szczecin,41%,59%,18,18,3,3,9,8,6,7,11,16,13,7,2,1,20,18,2,3,14,11,1,2,295,458,192,358,19,13,81,78,75,67,,
4,2022-2023,28,"[<selenium.webdriver.remote.webelement.WebElement (session=""47a8dc835b4ddf90bcdb6c8b469aee36"", element=""df4d5008-2097-4356-a741-629751b8d13f"")>]",Korona Kielce,Jagiellonia Białystok,48%,52%,24,15,8,5,10,4,6,6,10,13,9,9,1,3,19,26,4,6,13,7,0,2,382,429,289,326,18,18,73,74,71,58,,
5,2022-2023,28,"[<selenium.webdriver.remote.webelement.WebElement (session=""47a8dc835b4ddf90bcdb6c8b469aee36"", element=""4523e52c-5a31-4ff3-84ab-a7832a54173e"")>]",Cracovia,Radomiak Radom,44%,56%,16,9,7,1,4,5,5,3,14,15,7,4,0,1,15,16,1,4,15,13,1,1,301,375,217,287,7,9,78,77,74,63,,
6,2022-2023,28,"[<selenium.webdriver.remote.webelement.WebElement (session=""47a8dc835b4ddf90bcdb6c8b469aee36"", element=""a342265f-3b04-4559-895f-efae2c24965f"")>]",Zagłębie Lubin,Górnik Zabrze,52%,48%,12,15,5,6,4,4,3,5,12,10,3,4,1,2,32,16,4,5,9,12,0,4,471,445,381,362,14,19,130,86,103,63,,
7,2022-2023,28,"[<selenium.webdriver.remote.webelement.WebElement (session=""47a8dc835b4ddf90bcdb6c8b469aee36"", element=""0d517b3c-7f46-4f0e-8649-1c4402b643d1"")>]",Warta Poznań,Śląsk Wrocław,41%,59%,9,17,4,1,3,10,2,6,15,14,3,7,4,1,13,24,1,1,10,14,1,4,306,433,237,335,15,13,72,114,54,74,,
8,2022-2023,27,"[<selenium.webdriver.remote.webelement.WebElement (session=""47a8dc835b4ddf90bcdb6c8b469aee36"", element=""1c52f76b-9bb2-450f-8959-e13bb0ea4d22"")>]",Miedź Legnica,Legia Warszawa,30%,70%,5,16,3,4,1,5,1,7,8,21,4,5,4,1,17,16,2,1,18,8,5,2,262,620,183,533,21,17,66,133,61,87,,
9,2022-2023,27,"[<selenium.webdriver.remote.webelement.WebElement (session=""47a8dc835b4ddf90bcdb6c8b469aee36"", element=""85845af0-5335-4fbe-8c71-9aba9f98d3ac"")>]",Radomiak Radom,Raków Częstochowa,45%,55%,9,9,0,3,3,2,6,4,18,28,3,4,2,1,26,17,3,0,26,16,2,2,332,408,213,291,23,13,97,104,55,58,0,1
10,2022-2023,27,"[<selenium.webdriver.remote.webelement.WebElement (session=""47a8dc835b4ddf90bcdb6c8b469aee36"", element=""e87dcee0-ed19-41d0-a595-0a8dd37bed57"")>]",Jagiellonia Białystok,Lechia Gdańsk,50%,50%,22,10,7,1,6,6,9,3,12,16,7,4,3,0,25,14,1,6,13,14,1,3,390,393,324,330,17,16,110,98,87,62,,
11,2022-2023,27,"[<selenium.webdriver.remote.webelement.WebElement (session=""47a8dc835b4ddf90bcdb6c8b469aee36"", element=""32a0604e-56da-4ca1-b3e9-c6d6f35a7239"")>]",Lech Poznań,Warta Poznań,60%,40%,18,13,7,6,6,4,5,3,14,14,5,3,2,2,21,15,6,5,13,11,1,2,564,363,476,285,14,11,122,89,75,52,,
12,2022-2023,27,"[<selenium.webdriver.remote.webelement.WebElement (session=""47a8dc835b4ddf90bcdb6c8b469aee36"", element=""c303f964-8f32-401d-b98f-e89c1a3d6095"")>]",Pogoń Szczecin,Cracovia,60%,40%,21,8,8,4,8,2,5,2,7,14,7,3,6,0,16,25,2,5,8,7,,,511,351,437,277,23,19,64,59,71,44,,
13,2022-2023,27,"[<selenium.webdriver.remote.webelement.WebElement (session=""47a8dc835b4ddf90bcdb6c8b469aee36"", element=""ffcc2d25-c182-4266-b8cd-f26724df8ba8"")>]",Widzew Łódź,Stal Mielec,60%,40%,15,9,3,3,7,4,5,2,12,17,6,2,1,2,21,28,1,3,16,14,2,1,505,346,415,236,20,14,88,67,79,37,,
14,2022-2023,27,"[<selenium.webdriver.remote.webelement.WebElement (session=""47a8dc835b4ddf90bcdb6c8b469aee36"", element=""4b092056-ef1b-4ca5-b890-43abfb41f410"")>]",Wisła Płock,Zagłębie Lubin,46%,54%,19,27,5,6,4,11,10,10,11,14,6,4,0,0,16,21,6,3,14,10,3,1,379,450,283,361,18,11,74,96,54,65,,
15,2022-2023,27,"[<selenium.webdriver.remote.webelement.WebElement (session=""47a8dc835b4ddf90bcdb6c8b469aee36"", element=""e6a13c68-a292-40bf-9e06-836f32c0201c"")>]",Górnik Zabrze,Korona Kielce,61%,39%,13,7,5,2,4,2,4,3,16,11,7,2,2,2,25,28,1,4,10,17,4,4,510,331,408,236,13,13,88,78,84,42,0,1
16,2022-2023,27,"[<selenium.webdriver.remote.webelement.WebElement (session=""47a8dc835b4ddf90bcdb6c8b469aee36"", element=""1ce5be47-0548-44cd-8180-1ad64e2be15d"")>]",Śląsk Wrocław,Piast Gliwice,48%,52%,10,8,0,2,6,4,4,2,15,11,1,6,1,5,34,19,1,0,14,11,3,1,454,480,362,384,13,18,121,99,64,69,,
17,2022-2023,26,"[<selenium.webdriver.remote.webelement.WebElement (session=""47a8dc835b4ddf90bcdb6c8b469aee36"", element=""2c9bf23c-965c-47b0-9606-d9ee3f37cdc9"")>]",Stal Mielec,Jagiellonia Białystok,44%,56%,18,7,4,3,7,2,7,2,19,15,1,4,1,2,33,18,2,3,13,16,2,4,379,495,273,380,15,14,104,94,69,37,,
18,2022-2023,26,"[<selenium.webdriver.remote.webelement.WebElement (session=""47a8dc835b4ddf90bcdb6c8b469aee36"", element=""4f384d12-721b-414f-bdb4-5a43aa29c425"")>]",Lech Poznań,Pogoń Szczecin,57%,43%,20,10,9,5,6,4,5,1,8,3,9,5,1,1,26,17,3,7,4,10,1,4,502,383,422,300,16,12,112,75,94,46,,
19,2022-2023,26,"[<selenium.webdriver.remote.webelement.WebElement (session=""47a8dc835b4ddf90bcdb6c8b469aee36"", element=""1021edaa-dbb3-488d-9a4a-4d83413cee9f"")>]",Cracovia,Widzew Łódź,51%,49%,21,8,7,5,8,2,6,1,9,12,9,5,0,2,16,19,4,6,12,8,,,415,416,345,337,12,15,63,66,70,41,,
20,2022-2023,26,"[<selenium.webdriver.remote.webelement.WebElement (session=""47a8dc835b4ddf90bcdb6c8b469aee36"", element=""eee05e7f-ceb9-4e04-8986-52dda88d7137"")>]",Wisła Płock,Radomiak Radom,53%,47%,15,22,5,3,7,10,3,9,14,17,5,7,4,1,19,18,2,4,14,13,4,3,392,330,300,245,17,19,88,102,55,71,,
21,2022-2023,26,"[<selenium.webdriver.remote.webelement.WebElement (session=""47a8dc835b4ddf90bcdb6c8b469aee36"", element=""13f53f5a-3b3e-4577-9af6-445dbb307202"")>]",Lechia Gdańsk,Śląsk Wrocław,70%,30%,13,9,4,2,5,4,4,3,9,15,4,2,5,1,17,21,2,4,11,10,2,1,729,308,630,199,11,15,207,122,109,77,,
22,2022-2023,26,"[<selenium.webdriver.remote.webelement.WebElement (session=""47a8dc835b4ddf90bcdb6c8b469aee36"", element=""9e2e1058-ab03-4b34-8102-682734dd2a64"")>]",Legia Warszawa,Raków Częstochowa,52%,48%,14,13,8,4,5,4,1,5,17,8,2,4,0,2,23,25,3,5,8,16,3,1,454,422,369,351,13,16,76,91,53,89,,
23,2022-2023,26,"[<selenium.webdriver.remote.webelement.WebElement (session=""47a8dc835b4ddf90bcdb6c8b469aee36"", element=""05ecbb6a-8180-47d9-8a65-938d53c0ceef"")>]",Korona Kielce,Miedź Legnica,40%,60%,11,12,6,2,4,5,1,5,18,11,4,5,0,1,30,40,2,5,9,17,4,5,316,466,230,350,11,24,112,140,44,85,,
24,2022-2023,26,"[<selenium.webdriver.remote.webelement.WebElement (session=""47a8dc835b4ddf90bcdb6c8b469aee36"", element=""bcc160ee-ffca-4a7d-b50c-de61588d56a4"")>]",Piast Gliwice,Górnik Zabrze,35%,65%,17,7,6,1,7,2,4,4,15,14,7,6,1,1,24,25,1,5,13,14,1,3,311,580,218,481,16,14,90,88,69,63,,
25,2022-2023,26,"[<selenium.webdriver.remote.webelement.WebElement (session=""47a8dc835b4ddf90bcdb6c8b469aee36"", element=""304e6925-c232-4fff-88f7-942a39f51881"")>]",Zagłębie Lubin,Warta Poznań,64%,36%,13,11,4,1,6,6,3,4,12,8,6,3,0,1,26,19,1,4,9,11,2,1,582,322,457,226,13,7,107,98,76,68,,
26,2022-2023,25,"[<selenium.webdriver.remote.webelement.WebElement (session=""47a8dc835b4ddf90bcdb6c8b469aee36"", element=""aa57ef4c-1b5c-4339-a1a7-e0416714f3ae"")>]",Widzew Łódź,Lech Poznań,41%,59%,9,7,1,2,3,1,5,4,17,15,0,4,1,2,21,24,0,0,14,15,2,2,394,572,314,480,14,13,95,155,59,89,,
27,2022-2023,25,"[<selenium.webdriver.remote.webelement.WebElement (session=""47a8dc835b4ddf90bcdb6c8b469aee36"", element=""2a6b52ab-8f7d-423f-9d1d-788870257076"")>]",Miedź Legnica,Piast Gliwice,57%,43%,12,8,3,3,6,3,3,2,13,16,8,6,3,0,40,20,2,3,12,12,1,0,450,349,351,235,15,18,122,89,100,63,0,1
28,2022-2023,25,"[<selenium.webdriver.remote.webelement.WebElement (session=""47a8dc835b4ddf90bcdb6c8b469aee36"", element=""6db995f7-3029-4d7d-9399-dbe904445b2e"")>]",Warta Poznań,Lechia Gdańsk,44%,56%,16,17,4,4,4,8,8,5,8,9,6,5,0,4,28,32,4,2,10,6,2,2,328,415,236,325,22,19,89,102,69,66,,
29,2022-2023,25,"[<selenium.webdriver.remote.webelement.WebElement (session=""47a8dc835b4ddf90bcdb6c8b469aee36"", element=""79eb91b3-ae59-4ac5-9966-22c28f5c51ca"")>]",Raków Częstochowa,Cracovia,63%,37%,21,9,6,3,4,3,11,3,16,9,11,1,1,1,20,13,2,2,8,19,0,6,476,293,384,197,8,12,99,70,92,40,0,1
30,2022-2023,25,"[<selenium.webdriver.remote.webelement.WebElement (session=""47a8dc835b4ddf90bcdb6c8b469aee36"", element=""2672f818-5fd5-4b38-86aa-cb70975d5dda"")>]",Pogoń Szczecin,Korona Kielce,69%,31%,21,9,3,4,8,3,10,2,9,16,11,4,4,2,31,23,4,3,12,9,1,1,584,256,483,158,21,18,75,64,96,42,,
31,2022-2023,25,"[<selenium.webdriver.remote.webelement.WebElement (session=""47a8dc835b4ddf90bcdb6c8b469aee36"", element=""e7ab5384-806d-4536-95d6-602f6b076bad"")>]",Jagiellonia Białystok,Zagłębie Lubin,57%,43%,12,10,4,4,5,6,3,0,13,20,4,2,4,3,18,20,2,2,16,11,1,1,506,386,414,283,12,10,131,108,88,71,,
32,2022-2023,25,"[<selenium.webdriver.remote.webelement.WebElement (session=""47a8dc835b4ddf90bcdb6c8b469aee36"", element=""ddf4c977-b0a0-49e5-bf5e-25eacf54c7ce"")>]",Śląsk Wrocław,Stal Mielec,54%,46%,16,7,3,2,11,2,2,3,18,18,6,2,3,3,17,20,1,2,15,15,5,3,462,391,366,283,11,19,117,82,72,57,,
33,2022-2023,25,"[<selenium.webdriver.remote.webelement.WebElement (session=""47a8dc835b4ddf90bcdb6c8b469aee36"", element=""d6ca88f3-01f5-4ae3-ab7e-185772962324"")>]",Radomiak Radom,Legia Warszawa,44%,56%,12,14,2,8,6,5,4,1,13,14,3,5,0,2,22,20,6,2,16,12,3,2,382,492,295,398,18,21,86,107,57,50,,
34,2022-2023,25,"[<selenium.webdriver.remote.webelement.WebElement (session=""47a8dc835b4ddf90bcdb6c8b469aee36"", element=""b173c76a-48ae-4bff-b55d-bebd4a077673"")>]",Górnik Zabrze,Wisła Płock,47%,53%,21,11,7,4,11,3,3,4,10,22,3,2,4,1,22,27,2,4,17,8,4,4,399,443,297,326,21,16,102,87,92,53,,
35,2022-2023,24,"[<selenium.webdriver.remote.webelement.WebElement (session=""47a8dc835b4ddf90bcdb6c8b469aee36"", element=""420fd80f-ed41-4a5b-81ce-01fec1bbdcdb"")>]",Wisła Płock,Widzew Łódź,51%,49%,11,18,2,4,9,8,0,6,12,15,6,4,0,2,31,22,3,1,15,11,1,2,435,414,342,328,19,12,104,91,71,61,,
36,2022-2023,24,"[<selenium.webdriver.remote.webelement.WebElement (session=""47a8dc835b4ddf90bcdb6c8b469aee36"", element=""d0beac48-56f1-4e31-98ff-7f0624b63159"")>]",Legia Warszawa,Stal Mielec,50%,50%,13,19,6,5,3,8,4,6,12,12,6,8,1,3,14,13,5,4,13,10,1,0,445,427,360,347,15,14,88,113,53,71,,
37,2022-2023,24,"[<selenium.webdriver.remote.webelement.WebElement (session=""47a8dc835b4ddf90bcdb6c8b469aee36"", element=""c125f33d-612e-40cf-90ba-2e9bb771a681"")>]",Piast Gliwice,Lech Poznań,37%,63%,7,8,3,2,4,5,0,1,15,13,6,1,2,0,19,27,1,2,11,16,2,3,352,610,243,501,24,17,83,103,75,61,,
38,2022-2023,24,"[<selenium.webdriver.remote.webelement.WebElement (session=""47a8dc835b4ddf90bcdb6c8b469aee36"", element=""3bdc3216-2ec4-4be7-bd36-17631357c826"")>]",Warta Poznań,Cracovia,56%,44%,10,8,5,2,4,3,1,3,14,18,8,2,2,0,27,23,2,5,15,12,2,2,425,341,317,218,9,18,105,86,64,41,,
39,2022-2023,24,"[<selenium.webdriver.remote.webelement.WebElement (session=""47a8dc835b4ddf90bcdb6c8b469aee36"", element=""4da8ec8c-c312-4513-b0cf-d583e78a5356"")>]",Jagiellonia Białystok,Górnik Zabrze,41%,59%,10,16,3,5,4,6,3,5,15,21,3,8,3,1,20,22,4,1,17,13,3,2,352,508,252,402,13,15,105,121,58,83,,
40,2022-2023,24,"[<selenium.webdriver.remote.webelement.WebElement (session=""47a8dc835b4ddf90bcdb6c8b469aee36"", element=""3d635efa-502f-4f3e-b1e7-0e327146c3b7"")>]",Zagłębie Lubin,Pogoń Szczecin,36%,64%,18,15,7,5,5,7,6,3,13,12,9,1,2,1,21,13,4,7,9,13,0,2,324,618,238,516,8,15,86,145,84,91,,
41,2022-2023,24,"[<selenium.webdriver.remote.webelement.WebElement (session=""47a8dc835b4ddf90bcdb6c8b469aee36"", element=""270fa136-3114-4b77-abd7-5d91306cf93d"")>]",Korona Kielce,Radomiak Radom,59%,41%,24,15,8,5,7,7,9,3,12,6,7,9,0,2,39,29,4,6,7,11,2,3,383,258,287,157,16,13,85,70,76,70,,
42,2022-2023,24,"[<selenium.webdriver.remote.webelement.WebElement (session=""47a8dc835b4ddf90bcdb6c8b469aee36"", element=""2a58ae26-3698-4aec-805e-f4068d656aa3"")>]",Raków Częstochowa,Śląsk Wrocław,57%,43%,15,8,7,3,6,2,2,3,7,16,10,6,2,0,15,7,2,3,16,7,3,1,493,369,410,284,8,6,128,84,89,44,,
43,2022-2023,24,"[<selenium.webdriver.remote.webelement.WebElement (session=""47a8dc835b4ddf90bcdb6c8b469aee36"", element=""ec23720c-a8ba-499b-9659-3d474b588975"")>]",Lechia Gdańsk,Miedź Legnica,53%,47%,13,15,5,2,6,10,2,3,15,9,4,4,1,4,30,18,2,1,9,12,1,4,436,372,342,267,9,12,81,82,44,60,,
44,2022-2023,19,"[<selenium.webdriver.remote.webelement.WebElement (session=""47a8dc835b4ddf90bcdb6c8b469aee36"", element=""607a1a04-d8ee-41ac-9bde-331b69fd63fa"")>]",Wisła Płock,Warta Poznań,53%,47%,17,14,3,4,8,9,6,1,5,16,6,8,0,0,22,23,4,2,16,5,1,4,428,373,313,256,15,9,69,89,39,76,0,1
45,2022-2023,23,"[<selenium.webdriver.remote.webelement.WebElement (session=""47a8dc835b4ddf90bcdb6c8b469aee36"", element=""ad0a7f25-733f-4786-93a9-640cc9da74c3"")>]",Radomiak Radom,Zagłębie Lubin,49%,51%,16,13,4,7,7,5,5,1,21,15,8,2,2,3,27,12,6,4,14,19,3,3,338,382,247,286,17,17,111,102,73,47,,
46,2022-2023,23,"[<selenium.webdriver.remote.webelement.WebElement (session=""47a8dc835b4ddf90bcdb6c8b469aee36"", element=""64b56a11-481b-4363-9d2e-c9ae634865d8"")>]",Cracovia,Śląsk Wrocław,57%,43%,13,8,3,4,7,2,3,2,12,17,5,2,4,0,20,13,3,2,13,12,1,5,431,343,343,251,18,9,87,91,76,58,,
47,2022-2023,23,"[<selenium.webdriver.remote.webelement.WebElement (session=""47a8dc835b4ddf90bcdb6c8b469aee36"", element=""471202be-eabd-4918-a503-366d46dd2ca8"")>]",Pogoń Szczecin,Raków Częstochowa,62%,38%,10,4,2,2,6,1,2,1,14,11,7,7,1,3,24,21,0,2,10,12,1,2,564,342,433,241,22,23,77,68,64,63,,
48,2022-2023,23,"[<selenium.webdriver.remote.webelement.WebElement (session=""47a8dc835b4ddf90bcdb6c8b469aee36"", element=""ce31d576-f87e-4831-bbdd-49786cb0e8f6"")>]",Miedź Legnica,Jagiellonia Białystok,39%,61%,18,18,5,4,9,9,4,5,11,20,5,7,2,1,27,21,3,4,19,8,3,4,299,480,219,375,22,22,103,102,61,56,,
49,2022-2023,23,"[<selenium.webdriver.remote.webelement.WebElement (session=""47a8dc835b4ddf90bcdb6c8b469aee36"", element=""10f92f1b-8367-433b-b687-70c7afccd50c"")>]",Górnik Zabrze,Legia Warszawa,55%,45%,15,5,5,2,6,2,4,1,12,20,8,3,3,2,28,19,1,5,19,11,3,5,432,365,347,279,13,12,116,97,78,33,0,1
50,2022-2023,23,"[<selenium.webdriver.remote.webelement.WebElement (session=""47a8dc835b4ddf90bcdb6c8b469aee36"", element=""42bbda06-d8f4-47ee-b80b-05bc5e4d4d72"")>]",Korona Kielce,Wisła Płock,38%,62%,19,11,6,3,6,4,7,4,9,13,8,3,2,1,24,23,3,5,12,7,2,1,334,583,256,497,11,14,98,112,103,86,,
51,2022-2023,23,"[<selenium.webdriver.remote.webelement.WebElement (session=""47a8dc835b4ddf90bcdb6c8b469aee36"", element=""30f7c5bb-8c13-4cf2-8352-340a8e379641"")>]",Widzew Łódź,Warta Poznań,64%,36%,13,9,0,3,11,6,2,0,11,10,5,6,1,1,24,26,1,0,11,9,1,2,548,305,446,205,10,8,114,93,73,66,,
52,2022-2023,23,"[<selenium.webdriver.remote.webelement.WebElement (session=""47a8dc835b4ddf90bcdb6c8b469aee36"", element=""ed32e71b-84a2-4d3f-8a7b-0fdcded4979b"")>]",Lech Poznań,Lechia Gdańsk,58%,42%,20,8,7,2,9,4,4,2,12,13,8,2,1,3,11,18,2,2,14,8,3,1,509,355,438,282,15,8,69,80,58,42,,
53,2022-2023,23,"[<selenium.webdriver.remote.webelement.WebElement (session=""47a8dc835b4ddf90bcdb6c8b469aee36"", element=""209207b8-730c-48a5-b4ac-e239d99456b9"")>]",Stal Mielec,Piast Gliwice,56%,44%,12,14,0,5,7,8,5,1,11,15,3,2,2,2,19,32,3,0,13,13,4,2,427,342,332,258,16,15,90,111,70,53,,
54,2022-2023,22,"[<selenium.webdriver.remote.webelement.WebElement (session=""47a8dc835b4ddf90bcdb6c8b469aee36"", element=""44c2ef70-39f2-40df-ab7a-9406dfb3a2c4"")>]",Zagłębie Lubin,Miedź Legnica,51%,49%,15,7,6,2,7,4,2,1,10,10,3,3,0,2,20,19,1,4,12,10,1,1,466,440,381,336,11,20,110,103,79,69,,
55,2022-2023,22,"[<selenium.webdriver.remote.webelement.WebElement (session=""47a8dc835b4ddf90bcdb6c8b469aee36"", element=""b274e00a-2eb7-4ee8-958a-da59456be86a"")>]",Śląsk Wrocław,Lech Poznań,31%,69%,8,18,3,5,3,7,2,6,13,11,3,7,0,2,12,16,4,1,11,11,4,1,287,621,216,564,13,13,90,145,32,102,1,1
56,2022-2023,22,"[<selenium.webdriver.remote.webelement.WebElement (session=""47a8dc835b4ddf90bcdb6c8b469aee36"", element=""43d37de5-6f35-49a8-9213-92fbb7bf80fc"")>]",Wisła Płock,Pogoń Szczecin,46%,54%,10,24,3,8,4,6,3,10,11,16,6,9,5,1,22,22,7,3,11,12,1,0,359,423,252,320,14,15,85,123,49,77,,
57,2022-2023,22,"[<selenium.webdriver.remote.webelement.WebElement (session=""47a8dc835b4ddf90bcdb6c8b469aee36"", element=""76b4b66c-079e-4854-805c-5b0d43188974"")>]",Stal Mielec,Górnik Zabrze,50%,50%,12,14,6,1,2,11,4,2,26,13,6,8,0,6,25,20,0,6,12,23,2,6,348,350,255,277,15,19,87,90,63,62,,
58,2022-2023,22,"[<selenium.webdriver.remote.webelement.WebElement (session=""47a8dc835b4ddf90bcdb6c8b469aee36"", element=""34ad1510-3892-405e-a848-9ea1031e6156"")>]",Lechia Gdańsk,Radomiak Radom,59%,41%,9,18,3,8,5,6,1,4,10,14,6,6,4,1,23,16,5,2,13,8,2,2,512,347,414,262,18,28,93,90,69,68,,
59,2022-2023,22,"[<selenium.webdriver.remote.webelement.WebElement (session=""47a8dc835b4ddf90bcdb6c8b469aee36"", element=""27e69608-c2ef-4493-a06f-6a110eef4f3a"")>]",Warta Poznań,Korona Kielce,48%,52%,10,9,7,3,2,4,1,2,13,11,4,6,1,0,12,20,2,2,11,13,1,0,444,460,342,366,9,13,103,111,39,63,,
60,2022-2023,22,"[<selenium.webdriver.remote.webelement.WebElement (session=""47a8dc835b4ddf90bcdb6c8b469aee36"", element=""c4d794c9-b9d9-423c-b0fb-894d50fc511d"")>]",Piast Gliwice,Cracovia,50%,50%,16,8,4,3,8,3,4,2,20,17,4,4,1,2,19,21,2,2,14,20,1,4,413,409,310,297,7,17,99,84,76,63,,
61,2022-2023,22,"[<selenium.webdriver.remote.webelement.WebElement (session=""47a8dc835b4ddf90bcdb6c8b469aee36"", element=""0a4bdae0-8ff1-4ce4-a846-e1a1ccfb3d54"")>]",Legia Warszawa,Widzew Łódź,59%,41%,17,13,6,5,8,5,3,3,16,11,8,5,1,3,15,17,3,4,11,13,3,2,503,355,430,274,18,14,107,80,72,53,,
62,2022-2023,22,"[<selenium.webdriver.remote.webelement.WebElement (session=""47a8dc835b4ddf90bcdb6c8b469aee36"", element=""14084d0f-04a1-469d-8105-9abf3438e56f"")>]",Jagiellonia Białystok,Raków Częstochowa,47%,53%,10,21,5,7,3,8,2,6,17,12,2,12,2,1,16,21,5,4,9,15,1,2,399,427,295,348,16,20,102,121,53,101,,
63,2022-2023,21,"[<selenium.webdriver.remote.webelement.WebElement (session=""47a8dc835b4ddf90bcdb6c8b469aee36"", element=""dd740fa9-ecb2-46a8-b7ab-60091ca9a321"")>]",Radomiak Radom,Jagiellonia Białystok,48%,52%,15,9,4,2,7,3,4,4,20,16,4,3,0,5,36,24,2,4,16,15,2,2,333,382,236,279,23,18,128,95,74,51,,
64,2022-2023,21,"[<selenium.webdriver.remote.webelement.WebElement (session=""47a8dc835b4ddf90bcdb6c8b469aee36"", element=""d96d0e43-f993-48bc-831b-234b5941849f"")>]",Piast Gliwice,Legia Warszawa,40%,60%,8,7,0,2,7,5,1,0,16,18,2,2,6,5,18,17,1,0,15,10,5,4,318,486,243,402,15,9,87,86,62,67,0,1
65,2022-2023,21,"[<selenium.webdriver.remote.webelement.WebElement (session=""47a8dc835b4ddf90bcdb6c8b469aee36"", element=""09cfaaa6-3a0c-4956-8884-394eac109371"")>]",Lech Poznań,Zagłębie Lubin,70%,30%,20,8,5,3,9,4,6,1,13,17,7,1,5,1,24,16,1,4,13,11,3,4,603,268,530,178,23,28,121,74,87,32,,
66,2022-2023,21,"[<selenium.webdriver.remote.webelement.WebElement (session=""47a8dc835b4ddf90bcdb6c8b469aee36"", element=""4afcc4cf-c576-4003-ad22-7b146546a3b1"")>]",Miedź Legnica,Wisła Płock,39%,61%,18,14,6,5,7,6,5,3,10,21,7,2,2,2,24,12,4,4,18,9,5,1,348,555,265,459,17,24,88,103,77,73,,
67,2022-2023,21,"[<selenium.webdriver.remote.webelement.WebElement (session=""47a8dc835b4ddf90bcdb6c8b469aee36"", element=""ce1dcfba-2959-4649-8e77-0369766e56f0"")>]",Pogoń Szczecin,Warta Poznań,52%,48%,19,13,8,3,6,3,5,7,11,13,8,4,1,3,15,19,2,5,13,10,2,1,448,407,364,318,17,20,61,53,63,56,,
68,2022-2023,21,"[<selenium.webdriver.remote.webelement.WebElement (session=""47a8dc835b4ddf90bcdb6c8b469aee36"", element=""02068324-8434-4b03-bffd-972e855d614b"")>]",Raków Częstochowa,Górnik Zabrze,53%,47%,23,6,8,0,8,2,7,4,13,12,9,2,1,3,24,17,0,6,10,14,4,3,433,383,331,264,7,24,119,74,95,39,,
69,2022-2023,21,"[<selenium.webdriver.remote.webelement.WebElement (session=""47a8dc835b4ddf90bcdb6c8b469aee36"", element=""29eb2ae3-21ea-48bd-a0be-7ce3d0ad3df1"")>]",Korona Kielce,Lechia Gdańsk,37%,63%,21,13,8,3,9,6,4,4,10,11,9,5,2,2,19,18,3,7,10,9,4,1,288,502,214,433,17,19,89,108,72,84,1,0
70,2022-2023,21,"[<selenium.webdriver.remote.webelement.WebElement (session=""47a8dc835b4ddf90bcdb6c8b469aee36"", element=""d0d85541-9dee-4f65-a13f-28b3b43de150"")>]",Widzew Łódź,Śląsk Wrocław,60%,40%,11,10,3,2,5,4,3,4,9,11,3,5,3,1,33,24,2,2,8,8,1,2,473,320,289,179,11,14,114,101,63,54,,
71,2022-2023,21,"[<selenium.webdriver.remote.webelement.WebElement (session=""47a8dc835b4ddf90bcdb6c8b469aee36"", element=""0504a6e9-696c-4a27-adf9-fa49a53160ba"")>]",Cracovia,Stal Mielec,50%,50%,16,9,6,2,6,3,4,4,8,13,5,5,1,2,16,14,1,4,13,7,2,2,437,453,352,348,13,17,93,91,92,63,,
72,2022-2023,20,"[<selenium.webdriver.remote.webelement.WebElement (session=""47a8dc835b4ddf90bcdb6c8b469aee36"", element=""2271d27d-4c0f-47f3-8217-f47f4eeb5db6"")>]",Warta Poznań,Miedź Legnica,54%,46%,18,11,7,4,6,6,5,1,15,12,8,1,2,2,18,20,3,6,10,13,1,2,420,356,321,251,13,9,158,147,97,69,,
73,2022-2023,20,"[<selenium.webdriver.remote.webelement.WebElement (session=""47a8dc835b4ddf90bcdb6c8b469aee36"", element=""4f6a8db6-22f8-4d31-984e-371f86a6a446"")>]",Legia Warszawa,Cracovia,76%,24%,22,13,7,4,9,5,6,4,15,7,10,3,1,1,19,8,2,5,6,18,1,1,638,207,550,117,8,13,134,67,99,28,,
74,2022-2023,20,"[<selenium.webdriver.remote.webelement.WebElement (session=""47a8dc835b4ddf90bcdb6c8b469aee36"", element=""7d23662b-c083-481c-88e2-ab772dfed3fb"")>]",Górnik Zabrze,Radomiak Radom,65%,35%,16,18,6,6,7,6,3,6,13,13,7,2,0,2,16,17,6,6,13,11,1,1,600,314,494,217,16,18,113,85,86,52,,
75,2022-2023,20,"[<selenium.webdriver.remote.webelement.WebElement (session=""47a8dc835b4ddf90bcdb6c8b469aee36"", element=""ff8b465a-90d7-451d-895a-c4c3ba2e3dd2"")>]",Zagłębie Lubin,Piast Gliwice,63%,37%,7,13,2,3,2,8,3,2,16,14,6,4,0,3,30,20,1,2,13,14,3,0,566,334,480,243,14,19,109,92,77,76,,
76,2022-2023,20,"[<selenium.webdriver.remote.webelement.WebElement (session=""47a8dc835b4ddf90bcdb6c8b469aee36"", element=""b1d53c2a-c6bb-4185-a85d-e66b519f5afb"")>]",Jagiellonia Białystok,Pogoń Szczecin,35%,65%,7,20,4,7,0,5,3,8,13,22,4,4,6,1,22,23,7,2,14,12,3,2,312,613,206,503,22,19,118,136,60,93,,
77,2022-2023,20,"[<selenium.webdriver.remote.webelement.WebElement (session=""47a8dc835b4ddf90bcdb6c8b469aee36"", element=""a5bb2a0a-f473-42c4-b8e5-eca8748b958d"")>]",Wisła Płock,Lech Poznań,49%,51%,10,13,5,7,4,3,1,3,18,9,5,3,1,3,17,21,6,5,11,14,3,4,397,428,306,339,19,18,93,107,60,71,1,0
78,2022-2023,20,"[<selenium.webdriver.remote.webelement.WebElement (session=""47a8dc835b4ddf90bcdb6c8b469aee36"", element=""559c9d92-f06d-4640-a1f3-576919cb078c"")>]",Śląsk Wrocław,Korona Kielce,42%,58%,7,14,3,5,2,5,2,4,15,7,5,4,0,4,20,21,4,2,8,14,2,3,313,439,224,353,24,24,98,102,69,66,,
79,2022-2023,20,"[<selenium.webdriver.remote.webelement.WebElement (session=""47a8dc835b4ddf90bcdb6c8b469aee36"", element=""6c1bcfa5-762d-4ca5-ac1f-35141aa95e21"")>]",Lechia Gdańsk,Widzew Łódź,43%,57%,13,22,2,4,7,14,4,4,11,10,3,8,1,2,29,22,4,2,8,11,1,0,386,500,307,434,18,11,79,83,48,80,,
80,2022-2023,20,"[<selenium.webdriver.remote.webelement.WebElement (session=""47a8dc835b4ddf90bcdb6c8b469aee36"", element=""c6f2dcb1-8b7f-4986-80f4-692f45477b10"")>]",Stal Mielec,Raków Częstochowa,41%,59%,2,15,1,3,0,6,1,6,21,13,2,9,0,4,20,23,3,1,15,17,2,2,365,501,250,421,19,19,79,90,35,80,,
81,2022-2023,19,"[<selenium.webdriver.remote.webelement.WebElement (session=""47a8dc835b4ddf90bcdb6c8b469aee36"", element=""8c802ead-147d-4662-85f3-3b89ee41493f"")>]",Korona Kielce,Cracovia,45%,55%,17,12,6,2,6,5,5,5,8,16,8,4,2,1,22,20,1,4,17,10,4,3,323,414,213,306,12,16,99,83,68,41,,
82,2022-2023,19,"[<selenium.webdriver.remote.webelement.WebElement (session=""47a8dc835b4ddf90bcdb6c8b469aee36"", element=""a2077ebd-c97b-4f13-a7fe-31041137d273"")>]",Pogoń Szczecin,Śląsk Wrocław,73%,27%,21,8,6,4,9,3,6,1,11,13,9,1,5,4,20,11,2,6,12,9,1,1,695,258,606,164,8,18,86,58,105,33,,
83,2022-2023,19,"[<selenium.webdriver.remote.webelement.WebElement (session=""47a8dc835b4ddf90bcdb6c8b469aee36"", element=""eab6c5f5-7540-4051-a3f6-b6d175a8c0e3"")>]",Lech Poznań,Miedź Legnica,61%,39%,18,12,3,3,8,6,7,3,15,15,4,2,4,3,14,20,3,2,11,12,1,2,576,363,484,274,20,15,88,84,70,47,,
84,2022-2023,19,"[<selenium.webdriver.remote.webelement.WebElement (session=""47a8dc835b4ddf90bcdb6c8b469aee36"", element=""7f4a4e64-db89-4553-a89d-5f851a3e7fba"")>]",Radomiak Radom,Stal Mielec,34%,66%,13,11,5,1,7,6,1,4,17,19,4,4,1,2,15,26,1,4,20,16,4,4,268,525,163,422,18,11,76,114,58,94,,
85,2022-2023,19,"[<selenium.webdriver.remote.webelement.WebElement (session=""47a8dc835b4ddf90bcdb6c8b469aee36"", element=""edd4d2f7-7f0f-4ac2-b323-f06c2b57c075"")>]",Zagłębie Lubin,Legia Warszawa,39%,61%,11,14,4,4,4,5,3,5,10,14,5,3,1,3,14,20,2,3,14,7,2,0,382,610,296,517,11,16,86,118,68,89,,
86,2022-2023,19,"[<selenium.webdriver.remote.webelement.WebElement (session=""47a8dc835b4ddf90bcdb6c8b469aee36"", element=""b41a90a2-dda7-4684-a9e1-de711ee8d45c"")>]",Górnik Zabrze,Lechia Gdańsk,57%,43%,19,12,3,4,11,4,5,4,16,16,5,3,3,1,9,26,3,2,12,14,2,4,485,368,411,274,16,6,115,91,102,49,,
87,2022-2023,19,"[<selenium.webdriver.remote.webelement.WebElement (session=""47a8dc835b4ddf90bcdb6c8b469aee36"", element=""3fa943f2-f786-4253-ba48-984fd06869f8"")>]",Raków Częstochowa,Piast Gliwice,59%,41%,9,6,2,1,6,3,1,2,17,14,4,4,1,2,19,22,1,1,14,17,2,2,515,341,415,230,15,19,76,82,47,56,,
88,2022-2023,19,"[<selenium.webdriver.remote.webelement.WebElement (session=""47a8dc835b4ddf90bcdb6c8b469aee36"", element=""3601d02a-8a8b-4be7-9d44-8fe5409f28e9"")>]",Widzew Łódź,Jagiellonia Białystok,56%,44%,19,9,6,4,8,4,5,1,14,10,11,3,2,3,29,23,3,5,8,12,0,3,439,363,328,267,16,14,97,80,58,24,,
89,2022-2023, 2,"[<selenium.webdriver.remote.webelement.WebElement (session=""47a8dc835b4ddf90bcdb6c8b469aee36"", element=""58f9cbbb-5074-4414-a31b-727b4689f1e8"")>]",Miedź Legnica,Lech Poznań,24%,76%,5,23,2,12,1,7,2,4,11,13,2,5,0,2,14,27,10,0,15,10,4,0,246,756,141,662,13,14,79,149,35,114,,
90,2022-2023,18,"[<selenium.webdriver.remote.webelement.WebElement (session=""47a8dc835b4ddf90bcdb6c8b469aee36"", element=""28ba4a6c-fefb-49af-ab0f-fb20088baf50"")>]",Cracovia,Górnik Zabrze,33%,67%,16,5,4,1,10,0,2,4,9,8,3,9,0,0,30,16,1,2,9,9,2,2,317,648,222,540,19,16,92,130,76,93,,
91,2022-2023,18,"[<selenium.webdriver.remote.webelement.WebElement (session=""47a8dc835b4ddf90bcdb6c8b469aee36"", element=""2eac350d-ebd0-427d-9d09-dfd6c8bb7987"")>]",Lechia Gdańsk,Wisła Płock,33%,67%,11,6,3,1,5,3,3,2,15,11,8,8,2,5,19,23,1,2,12,11,0,2,290,597,228,536,19,9,70,92,54,74,,
92,2022-2023,18,"[<selenium.webdriver.remote.webelement.WebElement (session=""47a8dc835b4ddf90bcdb6c8b469aee36"", element=""be420fe0-cf95-4ca3-9242-ab7acd3d963c"")>]",Legia Warszawa,Korona Kielce,66%,34%,14,13,5,3,4,7,5,3,20,14,9,5,2,3,21,18,1,2,12,19,7,2,502,249,402,159,11,14,99,90,76,70,,
93,2022-2023,18,"[<selenium.webdriver.remote.webelement.WebElement (session=""47a8dc835b4ddf90bcdb6c8b469aee36"", element=""c998002a-94bc-43fd-bdc5-2552fe9a59b2"")>]",Piast Gliwice,Jagiellonia Białystok,61%,39%,20,5,7,3,9,1,4,1,18,17,9,2,1,1,35,23,2,6,15,17,0,2,468,298,341,174,17,13,119,95,93,62,,
94,2022-2023,18,"[<selenium.webdriver.remote.webelement.WebElement (session=""47a8dc835b4ddf90bcdb6c8b469aee36"", element=""77d5984c-8281-443a-bfb1-b0542ec86941"")>]",Śląsk Wrocław,Zagłębie Lubin,61%,39%,11,10,3,6,3,2,5,2,11,13,4,3,1,1,20,16,3,3,12,11,1,0,502,334,431,263,13,12,110,90,73,51,0,1
95,2022-2023,18,"[<selenium.webdriver.remote.webelement.WebElement (session=""47a8dc835b4ddf90bcdb6c8b469aee36"", element=""4e40236f-d423-40e3-aab0-d3278542b07a"")>]",Widzew Łódź,Pogoń Szczecin,50%,50%,13,13,3,5,7,5,3,3,9,15,4,3,2,2,31,20,2,0,12,9,1,1,441,445,342,354,17,12,99,96,79,69,0,1
96,2022-2023,18,"[<selenium.webdriver.remote.webelement.WebElement (session=""47a8dc835b4ddf90bcdb6c8b469aee36"", element=""2268e01b-cffd-476e-b005-7bc456461200"")>]",Warta Poznań,Raków Częstochowa,32%,68%,10,7,1,3,3,2,6,2,15,17,2,4,1,2,12,21,2,0,17,12,4,1,291,623,206,531,20,5,82,118,31,54,0,1
97,2022-2023,18,"[<selenium.webdriver.remote.webelement.WebElement (session=""47a8dc835b4ddf90bcdb6c8b469aee36"", element=""abcbfe72-757d-44c2-881b-b0b3448e6992"")>]",Stal Mielec,Lech Poznań,45%,55%,12,15,3,5,3,4,6,6,12,19,5,7,2,1,24,12,5,3,19,14,4,2,386,478,285,391,14,14,57,82,40,57,,
98,2022-2023,18,"[<selenium.webdriver.remote.webelement.WebElement (session=""47a8dc835b4ddf90bcdb6c8b469aee36"", element=""b2603b65-1e76-468b-8bc4-5ab4d2961f82"")>]",Miedź Legnica,Radomiak Radom,56%,44%,16,15,2,6,9,4,5,5,14,24,4,3,0,0,23,15,6,2,24,14,3,1,423,338,336,245,15,20,114,102,70,62,,
99,2022-2023, 2,"[<selenium.webdriver.remote.webelement.WebElement (session=""47a8dc835b4ddf90bcdb6c8b469aee36"", element=""3a97cb52-56e1-4716-8d28-c6399bd383ea"")>]",Lechia Gdańsk,Górnik Zabrze,43%,57%,9,19,2,5,6,6,1,8,20,13,2,6,2,3,21,17,4,0,13,17,2,5,420,534,322,422,25,24,100,101,54,78,,
100,2022-2023,17,"[<selenium.webdriver.remote.webelement.WebElement (session=""47a8dc835b4ddf90bcdb6c8b469aee36"", element=""45485123-7bc4-4e2e-96f3-3ab591d7adb8"")>]",Śląsk Wrocław,Legia Warszawa,32%,68%,10,10,2,1,5,6,3,3,18,18,4,8,2,1,19,27,1,2,18,18,3,3,244,495,162,406,20,13,52,73,44,58,,
101,2022-2023,17,"[<selenium.webdriver.remote.webelement.WebElement (session=""47a8dc835b4ddf90bcdb6c8b469aee36"", element=""f1fa9e94-be00-4eba-92e8-71a2b434b6a7"")>]",Lechia Gdańsk,Piast Gliwice,67%,33%,18,9,8,4,6,3,4,2,13,14,4,3,0,6,25,24,1,7,18,11,0,1,568,278,475,188,8,20,114,79,79,67,,
102,2022-2023,17,"[<selenium.webdriver.remote.webelement.WebElement (session=""47a8dc835b4ddf90bcdb6c8b469aee36"", element=""e6a1536d-1831-4be3-bfde-276f4248397a"")>]",Radomiak Radom,Pogoń Szczecin,33%,67%,11,16,4,5,4,6,3,5,11,13,5,7,5,1,15,21,3,3,9,13,6,2,237,501,160,427,9,8,80,108,53,82,2,0
103,2022-2023,17,"[<selenium.webdriver.remote.webelement.WebElement (session=""47a8dc835b4ddf90bcdb6c8b469aee36"", element=""cf0eb139-7db0-4a11-b7bd-2a9fffcb2262"")>]",Zagłębie Lubin,Raków Częstochowa,51%,49%,16,17,7,4,6,8,3,5,11,11,5,5,0,2,15,23,2,6,12,10,3,1,426,408,320,301,8,13,108,103,67,82,,
104,2022-2023,17,"[<selenium.webdriver.remote.webelement.WebElement (session=""47a8dc835b4ddf90bcdb6c8b469aee36"", element=""67fe61d3-ee6e-41a7-8b40-c76734e71317"")>]",Jagiellonia Białystok,Lech Poznań,32%,68%,10,19,4,8,6,4,0,7,20,16,2,7,2,0,18,20,6,3,13,19,2,2,251,522,182,451,22,10,84,137,42,106,,
105,2022-2023,17,"[<selenium.webdriver.remote.webelement.WebElement (session=""47a8dc835b4ddf90bcdb6c8b469aee36"", element=""82b22b5d-adca-4f8c-8554-c127e71620d1"")>]",Górnik Zabrze,Miedź Legnica,70%,30%,11,9,6,4,3,4,2,1,6,7,2,8,2,1,35,24,1,6,6,5,1,2,658,277,552,186,13,16,128,78,85,56,,
106,2022-2023,17,"[<selenium.webdriver.remote.webelement.WebElement (session=""47a8dc835b4ddf90bcdb6c8b469aee36"", element=""eb9971aa-0d30-4b4e-b113-aa43cb3297ab"")>]",Korona Kielce,Widzew Łódź,44%,56%,12,23,3,5,7,9,2,9,16,10,3,7,1,2,19,23,4,3,11,15,2,1,359,445,262,360,15,3,90,105,31,68,,
107,2022-2023,17,"[<selenium.webdriver.remote.webelement.WebElement (session=""47a8dc835b4ddf90bcdb6c8b469aee36"", element=""db3b4fc7-2b9e-41d0-a0a0-a4467b53ec32"")>]",Wisła Płock,Cracovia,67%,33%,8,15,2,4,4,10,2,1,13,8,7,1,3,1,15,18,4,1,5,12,2,3,562,268,452,172,17,13,130,107,87,39,0,1
108,2022-2023,17,"[<selenium.webdriver.remote.webelement.WebElement (session=""47a8dc835b4ddf90bcdb6c8b469aee36"", element=""0e4b949d-c0d4-466a-adc0-824ec8954e8c"")>]",Warta Poznań,Stal Mielec,61%,39%,18,6,4,2,7,1,7,3,12,16,8,1,1,1,13,14,1,3,15,9,2,0,600,392,494,281,11,12,139,89,87,34,,
109,2022-2023,16,"[<selenium.webdriver.remote.webelement.WebElement (session=""47a8dc835b4ddf90bcdb6c8b469aee36"", element=""29ef0d49-a2ad-4c1f-8a0a-5ba8c0dea0e5"")>]",Lech Poznań,Korona Kielce,71%,29%,34,12,15,6,11,4,8,2,11,13,11,2,1,1,18,8,4,12,14,10,1,4,540,223,476,163,5,10,107,60,104,40,,
110,2022-2023,16,"[<selenium.webdriver.remote.webelement.WebElement (session=""47a8dc835b4ddf90bcdb6c8b469aee36"", element=""6b28759f-b8e8-4f3d-b767-5e494a4eeea4"")>]",Widzew Łódź,Radomiak Radom,73%,27%,26,10,9,4,11,3,6,3,8,17,15,1,2,0,21,12,1,8,16,10,1,5,483,190,401,110,8,18,137,116,97,56,,
111,2022-2023,16,"[<selenium.webdriver.remote.webelement.WebElement (session=""47a8dc835b4ddf90bcdb6c8b469aee36"", element=""9c5cf0d3-0796-4500-93f6-46acf68e22b7"")>]",Miedź Legnica,Śląsk Wrocław,34%,66%,11,9,6,1,3,6,2,2,10,17,3,4,3,2,14,37,1,5,16,9,4,1,271,522,173,406,15,14,60,97,25,39,,
112,2022-2023,16,"[<selenium.webdriver.remote.webelement.WebElement (session=""47a8dc835b4ddf90bcdb6c8b469aee36"", element=""1f0cc570-75ae-459c-9976-8acd94c57416"")>]",Raków Częstochowa,Wisła Płock,48%,52%,17,7,10,3,6,2,1,2,13,17,5,4,1,4,14,16,2,3,13,14,4,3,366,403,285,331,17,10,96,54,74,42,,
113,2022-2023,16,"[<selenium.webdriver.remote.webelement.WebElement (session=""47a8dc835b4ddf90bcdb6c8b469aee36"", element=""eefd9355-bf1a-4150-8f52-f0bc7d8aab70"")>]",Pogoń Szczecin,Górnik Zabrze,61%,39%,14,13,3,6,9,6,2,1,13,10,7,3,1,2,39,11,2,2,10,12,2,1,598,390,475,304,9,20,103,77,95,55,,
114,2022-2023,16,"[<selenium.webdriver.remote.webelement.WebElement (session=""47a8dc835b4ddf90bcdb6c8b469aee36"", element=""a6863540-c7c7-457f-bdf9-ba42808ee046"")>]",Cracovia,Jagiellonia Białystok,44%,56%,11,7,3,3,7,1,1,3,14,13,3,6,0,2,34,31,3,2,13,12,4,0,278,360,197,277,16,17,84,88,43,52,0,1
115,2022-2023,16,"[<selenium.webdriver.remote.webelement.WebElement (session=""47a8dc835b4ddf90bcdb6c8b469aee36"", element=""0c87f94c-51aa-40ef-9103-13001e2a2036"")>]",Piast Gliwice,Warta Poznań,55%,45%,8,9,0,4,4,4,4,1,14,14,5,3,4,0,34,18,2,0,11,13,2,1,522,433,386,319,13,8,120,111,92,62,,
116,2022-2023,16,"[<selenium.webdriver.remote.webelement.WebElement (session=""47a8dc835b4ddf90bcdb6c8b469aee36"", element=""4fbe816b-f826-4b51-8427-1dc5954a0084"")>]",Legia Warszawa,Lechia Gdańsk,64%,36%,23,12,6,5,11,4,6,3,14,16,13,3,5,2,22,14,4,4,13,12,1,4,483,285,416,215,13,17,111,65,87,43,,
117,2022-2023,16,"[<selenium.webdriver.remote.webelement.WebElement (session=""47a8dc835b4ddf90bcdb6c8b469aee36"", element=""c14cbd39-475c-4baf-9d0a-730dd47e80c6"")>]",Stal Mielec,Zagłębie Lubin,64%,36%,14,14,7,3,4,6,3,5,23,9,4,9,2,3,20,25,3,4,8,21,3,2,461,242,366,154,8,11,94,78,54,79,,
118,2022-2023,15,"[<selenium.webdriver.remote.webelement.WebElement (session=""47a8dc835b4ddf90bcdb6c8b469aee36"", element=""b1eafb69-1b01-4750-af87-1f4f54c3086a"")>]",Radomiak Radom,Warta Poznań,64%,36%,7,7,3,3,4,1,0,3,19,10,3,3,1,1,19,16,0,1,10,17,0,1,513,294,419,196,11,14,151,97,52,27,,
119,2022-2023,15,"[<selenium.webdriver.remote.webelement.WebElement (session=""47a8dc835b4ddf90bcdb6c8b469aee36"", element=""804004ea-5cee-4ed7-8505-a56b1d2f1bf4"")>]",Lech Poznań,Raków Częstochowa,54%,46%,5,10,4,3,0,4,1,3,22,18,1,3,2,3,11,15,1,3,19,18,6,4,468,389,374,306,14,13,93,87,34,51,,
120,2022-2023,15,"[<selenium.webdriver.remote.webelement.WebElement (session=""47a8dc835b4ddf90bcdb6c8b469aee36"", element=""7ed57125-524e-4ba1-b626-e31ba649e663"")>]",Lechia Gdańsk,Stal Mielec,50%,50%,10,17,3,2,5,11,2,4,10,15,6,3,4,1,18,15,2,2,11,9,2,2,429,434,345,341,13,21,88,82,58,46,,
121,2022-2023,15,"[<selenium.webdriver.remote.webelement.WebElement (session=""47a8dc835b4ddf90bcdb6c8b469aee36"", element=""3a851eb3-4227-4f71-91a0-abd23e5412ee"")>]",Zagłębie Lubin,Cracovia,48%,52%,14,17,2,5,8,7,4,5,6,12,5,8,2,3,25,21,3,2,10,3,2,1,370,393,275,301,18,19,66,75,53,59,,
122,2022-2023,15,"[<selenium.webdriver.remote.webelement.WebElement (session=""47a8dc835b4ddf90bcdb6c8b469aee36"", element=""22d783d7-6ea9-4940-96bd-cff76a71c2ef"")>]",Wisła Płock,Śląsk Wrocław,67%,33%,8,15,3,7,2,4,3,4,10,17,1,7,3,0,23,27,5,2,14,12,2,2,596,279,506,193,16,15,109,102,52,76,,
123,2022-2023,15,"[<selenium.webdriver.remote.webelement.WebElement (session=""47a8dc835b4ddf90bcdb6c8b469aee36"", element=""0e4fd964-1d72-4cd7-b76e-80e71f6e0b6a"")>]",Jagiellonia Białystok,Legia Warszawa,46%,54%,15,24,5,11,7,9,3,4,11,24,5,5,5,1,21,15,6,3,20,9,7,1,334,412,257,347,12,11,99,84,69,68,,
124,2022-2023,15,"[<selenium.webdriver.remote.webelement.WebElement (session=""47a8dc835b4ddf90bcdb6c8b469aee36"", element=""01fa4355-0008-4730-b365-14be601b4b21"")>]",Korona Kielce,Piast Gliwice,32%,68%,11,17,2,3,4,9,5,5,16,16,3,6,3,1,24,23,2,1,13,17,2,1,232,495,138,398,16,9,76,115,67,88,,
125,2022-2023,15,"[<selenium.webdriver.remote.webelement.WebElement (session=""47a8dc835b4ddf90bcdb6c8b469aee36"", element=""122c1efd-d11b-4ac1-87a2-ffafd3604082"")>]",Górnik Zabrze,Widzew Łódź,46%,54%,11,19,6,5,3,10,2,4,12,17,4,4,0,0,20,26,5,3,18,12,4,3,436,502,341,409,26,14,97,76,58,61,,
126,2022-2023,15,"[<selenium.webdriver.remote.webelement.WebElement (session=""47a8dc835b4ddf90bcdb6c8b469aee36"", element=""9828c554-0e44-4abd-9ae5-37734cf10207"")>]",Miedź Legnica,Pogoń Szczecin,36%,64%,12,16,2,7,6,5,4,4,5,16,3,2,5,1,19,20,3,0,13,6,4,2,328,585,249,513,12,20,84,124,56,66,,
127,2022-2023,14,"[<selenium.webdriver.remote.webelement.WebElement (session=""47a8dc835b4ddf90bcdb6c8b469aee36"", element=""8be9e418-73f2-450c-bb4b-a5df40275697"")>]",Zagłębie Lubin,Lechia Gdańsk,50%,50%,18,11,1,5,11,2,6,4,8,25,7,6,3,2,27,15,2,1,22,6,3,2,404,410,326,325,15,20,111,98,96,66,,
128,2022-2023,14,"[<selenium.webdriver.remote.webelement.WebElement (session=""47a8dc835b4ddf90bcdb6c8b469aee36"", element=""50527aec-bad4-4a8b-82b4-10116e650386"")>]",Piast Gliwice,Radomiak Radom,60%,40%,13,6,4,3,6,1,3,2,13,14,6,7,2,0,23,19,1,3,12,15,2,0,537,358,460,278,16,13,101,73,72,55,,
129,2022-2023,14,"[<selenium.webdriver.remote.webelement.WebElement (session=""47a8dc835b4ddf90bcdb6c8b469aee36"", element=""967fe477-88af-4e96-a04c-976d8186253c"")>]",Cracovia,Lech Poznań,40%,60%,19,14,5,2,9,7,5,5,14,10,4,3,1,0,21,13,2,5,10,13,2,4,328,516,248,428,14,14,97,111,71,82,,
130,2022-2023,14,"[<selenium.webdriver.remote.webelement.WebElement (session=""47a8dc835b4ddf90bcdb6c8b469aee36"", element=""3777a36b-25a4-4291-932c-bbe959fd706e"")>]",Śląsk Wrocław,Jagiellonia Białystok,58%,42%,15,7,10,2,5,5,0,0,15,14,8,3,2,5,20,14,0,8,11,13,1,4,449,328,364,236,19,20,119,89,98,54,0,1
131,2022-2023,14,"[<selenium.webdriver.remote.webelement.WebElement (session=""47a8dc835b4ddf90bcdb6c8b469aee36"", element=""761ca7f6-e79a-4513-8936-a7023ce3fe31"")>]",Warta Poznań,Górnik Zabrze,44%,56%,10,5,0,0,2,4,8,1,22,17,6,2,2,3,19,36,0,0,14,19,2,2,371,469,261,361,9,11,90,102,41,51,,
132,2022-2023,14,"[<selenium.webdriver.remote.webelement.WebElement (session=""47a8dc835b4ddf90bcdb6c8b469aee36"", element=""9d6da126-a412-4eb4-bcc2-610dcd06a26c"")>]",Raków Częstochowa,Korona Kielce,74%,26%,18,7,3,1,8,5,7,1,14,14,7,4,1,0,23,14,1,2,13,17,1,4,520,188,444,101,12,10,99,73,112,53,,
133,2022-2023,14,"[<selenium.webdriver.remote.webelement.WebElement (session=""47a8dc835b4ddf90bcdb6c8b469aee36"", element=""1c77184d-b92d-440a-b2be-0e3f31bb05fe"")>]",Legia Warszawa,Pogoń Szczecin,54%,46%,18,13,6,5,7,4,5,4,12,20,8,7,5,1,20,10,4,5,15,14,2,4,397,344,319,272,21,9,110,79,81,51,,
134,2022-2023,14,"[<selenium.webdriver.remote.webelement.WebElement (session=""47a8dc835b4ddf90bcdb6c8b469aee36"", element=""85dc40cb-8113-4576-b9c1-c00d4be20dac"")>]",Stal Mielec,Wisła Płock,35%,65%,11,14,6,6,3,5,2,3,17,11,5,5,0,3,27,25,5,5,10,15,2,3,320,607,235,523,12,13,82,105,51,73,,
135,2022-2023,14,"[<selenium.webdriver.remote.webelement.WebElement (session=""47a8dc835b4ddf90bcdb6c8b469aee36"", element=""1a582e4a-7224-46b1-a954-230eb5c4ff62"")>]",Widzew Łódź,Miedź Legnica,52%,48%,12,15,4,4,6,8,2,3,12,7,5,4,1,1,25,27,4,3,7,12,1,5,477,435,376,340,9,15,99,115,60,55,,
136,2022-2023,13,"[<selenium.webdriver.remote.webelement.WebElement (session=""47a8dc835b4ddf90bcdb6c8b469aee36"", element=""6bc3795f-1439-4bbd-a2ca-b20b63db52e0"")>]",Górnik Zabrze,Lech Poznań,42%,58%,18,23,8,7,5,8,5,8,8,14,4,7,0,0,22,19,5,7,17,10,3,4,344,476,254,393,18,7,87,100,80,71,,
137,2022-2023,13,"[<selenium.webdriver.remote.webelement.WebElement (session=""47a8dc835b4ddf90bcdb6c8b469aee36"", element=""85c2ce54-400c-4fea-8d88-928efa9062f7"")>]",Widzew Łódź,Zagłębie Lubin,46%,54%,19,12,7,4,8,4,4,4,8,11,1,7,4,1,27,31,4,4,8,12,1,2,378,444,286,351,15,17,82,84,57,72,,
138,2022-2023,13,"[<selenium.webdriver.remote.webelement.WebElement (session=""47a8dc835b4ddf90bcdb6c8b469aee36"", element=""03a423f3-a83c-4cac-86e5-375038832621"")>]",Miedź Legnica,Cracovia,44%,56%,11,9,1,2,8,3,2,4,12,15,4,1,2,2,25,19,1,0,12,11,3,4,348,436,229,314,18,8,120,113,77,49,,
139,2022-2023,13,"[<selenium.webdriver.remote.webelement.WebElement (session=""47a8dc835b4ddf90bcdb6c8b469aee36"", element=""978a196f-33c3-4fa5-a24a-6f6e695da721"")>]",Pogoń Szczecin,Piast Gliwice,63%,37%,21,7,7,1,9,3,5,3,8,10,10,2,0,2,30,14,0,6,11,8,4,5,616,369,548,291,8,20,99,53,105,30,,
140,2022-2023,13,"[<selenium.webdriver.remote.webelement.WebElement (session=""47a8dc835b4ddf90bcdb6c8b469aee36"", element=""6fd1854c-bd2d-48ac-9b9d-078359257610"")>]",Warta Poznań,Jagiellonia Białystok,50%,50%,17,4,5,1,7,3,5,0,10,12,4,3,0,2,21,25,1,3,11,9,3,2,400,406,303,294,10,11,100,80,57,43,,
141,2022-2023,13,"[<selenium.webdriver.remote.webelement.WebElement (session=""47a8dc835b4ddf90bcdb6c8b469aee36"", element=""1267b7ad-c1ed-4e71-857a-633f62c926fb"")>]",Lechia Gdańsk,Raków Częstochowa,52%,48%,8,22,2,11,2,7,4,4,16,13,3,10,1,0,13,20,8,2,15,16,1,2,477,420,392,341,14,17,112,133,43,90,,
142,2022-2023,13,"[<selenium.webdriver.remote.webelement.WebElement (session=""47a8dc835b4ddf90bcdb6c8b469aee36"", element=""bd4d2c23-b801-45ee-a9d9-b1a749be612e"")>]",Radomiak Radom,Śląsk Wrocław,48%,52%,10,5,3,1,5,4,2,0,15,16,8,2,3,0,27,23,1,1,13,16,3,5,323,364,222,252,11,9,123,101,73,35,0,3
143,2022-2023,13,"[<selenium.webdriver.remote.webelement.WebElement (session=""47a8dc835b4ddf90bcdb6c8b469aee36"", element=""b7ed2764-bbfc-40bd-a166-94fe66f73623"")>]",Wisła Płock,Legia Warszawa,40%,60%,9,18,3,8,4,7,2,3,20,13,4,12,1,1,23,31,7,1,13,21,2,4,287,411,205,331,12,16,76,85,52,75,,
144,2022-2023,13,"[<selenium.webdriver.remote.webelement.WebElement (session=""47a8dc835b4ddf90bcdb6c8b469aee36"", element=""b7a71afc-2bbd-4a46-beca-d352de650e95"")>]",Korona Kielce,Stal Mielec,52%,48%,21,14,7,5,5,8,9,1,12,30,11,2,3,1,32,12,3,7,29,13,6,3,311,312,231,240,10,10,95,70,101,59,0,1
145,2022-2023,12,"[<selenium.webdriver.remote.webelement.WebElement (session=""47a8dc835b4ddf90bcdb6c8b469aee36"", element=""26dd81ff-7440-4ed5-a1af-a5bcc75d1ff2"")>]",Piast Gliwice,Widzew Łódź,67%,33%,23,7,6,2,5,4,12,1,11,9,3,1,1,4,28,10,0,5,9,8,0,1,669,337,582,248,13,16,130,75,117,46,,
146,2022-2023,12,"[<selenium.webdriver.remote.webelement.WebElement (session=""47a8dc835b4ddf90bcdb6c8b469aee36"", element=""15f6488b-bc6e-49b8-8d4f-787996bb9045"")>]",Raków Częstochowa,Miedź Legnica,64%,36%,16,8,5,1,9,5,2,2,17,16,5,2,2,0,20,19,1,4,16,16,4,3,531,310,444,198,14,26,137,89,76,31,0,1
147,2022-2023,12,"[<selenium.webdriver.remote.webelement.WebElement (session=""47a8dc835b4ddf90bcdb6c8b469aee36"", element=""b020968d-6ead-4d13-85e8-74937865c96b"")>]",Lech Poznań,Radomiak Radom,53%,47%,18,13,9,2,7,7,2,4,9,20,6,3,1,1,20,22,2,8,19,9,5,2,398,342,306,257,13,19,93,92,55,51,,
148,2022-2023,12,"[<selenium.webdriver.remote.webelement.WebElement (session=""47a8dc835b4ddf90bcdb6c8b469aee36"", element=""5f00830b-ef80-45f1-8a4d-5fa1aa1ee776"")>]",Zagłębie Lubin,Korona Kielce,52%,48%,15,14,2,2,8,9,5,3,14,12,6,10,0,3,25,37,1,1,12,13,2,0,346,308,238,206,14,16,82,100,71,94,,
149,2022-2023,12,"[<selenium.webdriver.remote.webelement.WebElement (session=""47a8dc835b4ddf90bcdb6c8b469aee36"", element=""5dc52f82-c0b6-4aa6-9ce1-897cd7783dc5"")>]",Cracovia,Lechia Gdańsk,50%,50%,19,8,5,5,9,3,5,0,11,12,6,2,2,1,17,18,4,5,12,13,5,4,415,419,341,345,13,9,89,76,76,49,,
150,2022-2023,12,"[<selenium.webdriver.remote.webelement.WebElement (session=""47a8dc835b4ddf90bcdb6c8b469aee36"", element=""9c99ac73-bd54-44aa-8fc6-2c75c1bae3e4"")>]",Legia Warszawa,Warta Poznań,54%,46%,14,10,2,1,9,6,3,3,10,12,9,4,1,1,12,16,1,1,12,11,2,2,443,385,368,309,17,13,91,64,80,62,,
151,2022-2023,12,"[<selenium.webdriver.remote.webelement.WebElement (session=""47a8dc835b4ddf90bcdb6c8b469aee36"", element=""50a5af9f-4bee-41b2-b2bb-bcdfe971a585"")>]",Śląsk Wrocław,Górnik Zabrze,35%,65%,12,11,6,5,5,3,1,3,14,13,3,7,1,4,24,22,4,2,11,11,2,2,329,609,230,505,13,24,107,95,75,61,,
152,2022-2023,12,"[<selenium.webdriver.remote.webelement.WebElement (session=""47a8dc835b4ddf90bcdb6c8b469aee36"", element=""939fa309-e0f2-4bda-8d39-be72f1114f36"")>]",Jagiellonia Białystok,Wisła Płock,35%,65%,16,11,3,3,8,7,5,1,13,17,7,6,0,2,21,26,2,2,18,12,2,2,280,556,188,455,15,10,85,99,62,78,,
153,2022-2023,12,"[<selenium.webdriver.remote.webelement.WebElement (session=""47a8dc835b4ddf90bcdb6c8b469aee36"", element=""9c59ae53-be4d-4a31-abc8-ad38e4342eb3"")>]",Stal Mielec,Pogoń Szczecin,40%,60%,18,28,8,7,6,12,4,9,13,14,5,11,1,0,18,18,5,4,14,17,1,2,267,389,186,308,12,16,109,115,78,89,1,0
154,2022-2023, 2,"[<selenium.webdriver.remote.webelement.WebElement (session=""47a8dc835b4ddf90bcdb6c8b469aee36"", element=""c5e9dbb5-ce8a-474f-be8f-b88fd710d9be"")>]",Piast Gliwice,Raków Częstochowa,47%,53%,12,14,3,4,6,5,3,5,23,21,3,5,0,0,22,21,3,3,21,23,2,3,424,469,323,374,19,14,100,114,34,62,0,1
155,2022-2023,11,"[<selenium.webdriver.remote.webelement.WebElement (session=""47a8dc835b4ddf90bcdb6c8b469aee36"", element=""3f788711-7227-4736-9177-f80385ecf975"")>]",Śląsk Wrocław,Warta Poznań,65%,35%,14,4,4,3,5,0,5,1,9,13,9,0,4,0,18,12,1,4,9,10,0,2,602,339,528,247,11,29,149,84,126,36,,
156,2022-2023,11,"[<selenium.webdriver.remote.webelement.WebElement (session=""47a8dc835b4ddf90bcdb6c8b469aee36"", element=""7008184c-ef63-439b-8217-0a200460e944"")>]",Widzew Łódź,Raków Częstochowa,45%,55%,11,20,3,2,4,11,4,7,7,9,1,5,1,3,18,29,2,3,9,5,0,2,409,494,291,391,19,18,101,168,49,115,,
157,2022-2023,11,"[<selenium.webdriver.remote.webelement.WebElement (session=""47a8dc835b4ddf90bcdb6c8b469aee36"", element=""5ca9a4d7-1d49-48ac-bbd3-2f2b49ab6aa4"")>]",Jagiellonia Białystok,Korona Kielce,55%,45%,20,19,9,7,7,3,4,9,6,13,3,10,3,0,19,21,6,5,11,8,2,2,374,293,286,211,18,13,64,80,48,81,,
158,2022-2023,11,"[<selenium.webdriver.remote.webelement.WebElement (session=""47a8dc835b4ddf90bcdb6c8b469aee36"", element=""66990120-0555-480a-aea3-803054fb99b0"")>]",Miedź Legnica,Stal Mielec,53%,47%,9,10,1,4,3,6,5,0,23,27,3,1,1,3,25,22,2,1,27,18,3,2,434,389,329,289,14,19,132,94,84,59,,
159,2022-2023,11,"[<selenium.webdriver.remote.webelement.WebElement (session=""47a8dc835b4ddf90bcdb6c8b469aee36"", element=""7b02c84e-4257-44ca-93cd-18d0f326911c"")>]",Pogoń Szczecin,Lechia Gdańsk,60%,40%,21,7,9,3,7,3,5,1,8,15,9,4,1,3,25,20,2,7,16,9,2,4,515,351,443,266,12,13,79,54,90,56,,
160,2022-2023,11,"[<selenium.webdriver.remote.webelement.WebElement (session=""47a8dc835b4ddf90bcdb6c8b469aee36"", element=""5830ea47-f995-4cbc-ad39-5bc615a1c5f4"")>]",Lech Poznań,Legia Warszawa,57%,43%,11,6,5,0,5,3,1,3,16,16,8,3,2,1,30,16,0,5,16,16,1,6,428,319,327,226,17,17,109,76,81,39,0,1
161,2022-2023,11,"[<selenium.webdriver.remote.webelement.WebElement (session=""47a8dc835b4ddf90bcdb6c8b469aee36"", element=""1f4f587b-d63e-4fda-9b21-91f0aa28afd4"")>]",Górnik Zabrze,Zagłębie Lubin,65%,35%,21,13,4,7,8,3,9,3,15,12,1,7,2,1,26,20,4,2,8,14,3,2,512,282,426,180,12,16,112,68,86,58,,
162,2022-2023,11,"[<selenium.webdriver.remote.webelement.WebElement (session=""47a8dc835b4ddf90bcdb6c8b469aee36"", element=""f7d4f4b4-7fff-4886-8a47-6ff1109b98d0"")>]",Wisła Płock,Piast Gliwice,59%,41%,18,8,6,2,7,3,5,3,16,10,5,3,2,2,30,26,2,5,8,15,0,3,526,365,441,285,17,11,100,94,67,40,,
163,2022-2023,11,"[<selenium.webdriver.remote.webelement.WebElement (session=""47a8dc835b4ddf90bcdb6c8b469aee36"", element=""9b31af63-cef4-4243-b7bf-c63330789706"")>]",Radomiak Radom,Cracovia,67%,33%,16,13,4,5,9,7,3,1,19,10,7,2,1,1,23,19,3,4,11,22,2,6,471,235,382,136,9,9,170,87,87,51,1,0
164,2022-2023,10,"[<selenium.webdriver.remote.webelement.WebElement (session=""47a8dc835b4ddf90bcdb6c8b469aee36"", element=""7733594a-bab0-4b30-bb4d-0bcab73a734a"")>]",Warta Poznań,Lech Poznań,38%,62%,9,14,1,3,7,7,1,4,13,13,1,5,1,0,12,19,2,1,11,14,3,2,373,602,278,497,17,14,73,108,20,34,,
165,2022-2023,10,"[<selenium.webdriver.remote.webelement.WebElement (session=""47a8dc835b4ddf90bcdb6c8b469aee36"", element=""e6e940a2-3695-4965-b5ff-db6c70108f46"")>]",Zagłębie Lubin,Wisła Płock,35%,65%,21,22,3,5,14,11,4,6,15,10,3,8,1,3,24,24,4,1,9,12,,,272,515,195,429,8,16,77,100,81,90,0,1
166,2022-2023,10,"[<selenium.webdriver.remote.webelement.WebElement (session=""47a8dc835b4ddf90bcdb6c8b469aee36"", element=""1ce573eb-6454-442a-8368-c46a3935ca37"")>]",Korona Kielce,Górnik Zabrze,35%,65%,11,11,4,5,5,4,2,2,15,14,5,4,0,1,19,13,3,3,15,14,3,2,283,540,193,443,21,15,70,122,66,69,,
167,2022-2023,10,"[<selenium.webdriver.remote.webelement.WebElement (session=""47a8dc835b4ddf90bcdb6c8b469aee36"", element=""e2709537-7f78-4269-bd75-6283332e89c6"")>]",Cracovia,Pogoń Szczecin,36%,64%,13,13,3,3,8,4,2,6,6,9,3,3,2,0,23,32,2,2,8,6,,,294,537,202,433,13,12,77,124,56,75,,
168,2022-2023,10,"[<selenium.webdriver.remote.webelement.WebElement (session=""47a8dc835b4ddf90bcdb6c8b469aee36"", element=""19253bf0-0ee9-4916-bba2-70ed66114c70"")>]",Raków Częstochowa,Radomiak Radom,55%,45%,11,5,8,1,3,2,0,2,16,21,3,3,1,2,25,16,1,5,22,18,1,6,358,382,248,282,5,15,105,82,91,56,,
169,2022-2023,10,"[<selenium.webdriver.remote.webelement.WebElement (session=""47a8dc835b4ddf90bcdb6c8b469aee36"", element=""d9e22602-a25f-4c65-ad82-ba85610a99e6"")>]",Lechia Gdańsk,Jagiellonia Białystok,61%,39%,19,15,5,4,9,6,5,5,17,10,2,3,3,2,28,18,2,3,6,17,2,6,461,287,363,196,9,14,72,66,64,49,,
170,2022-2023,10,"[<selenium.webdriver.remote.webelement.WebElement (session=""47a8dc835b4ddf90bcdb6c8b469aee36"", element=""33e7fa07-671c-41ad-a2a6-02f1ce5b3b12"")>]",Stal Mielec,Widzew Łódź,57%,43%,18,10,5,4,6,2,7,4,12,9,10,3,0,2,24,15,1,5,10,11,1,1,405,328,318,229,11,12,111,66,107,44,,
171,2022-2023,10,"[<selenium.webdriver.remote.webelement.WebElement (session=""47a8dc835b4ddf90bcdb6c8b469aee36"", element=""7a9e9fd9-2595-4b27-bbed-fa91ca014941"")>]",Legia Warszawa,Miedź Legnica,65%,35%,22,9,9,5,9,3,4,1,8,13,5,0,2,2,21,12,3,6,10,9,2,4,600,333,518,259,14,9,122,74,77,32,0,1
172,2022-2023,10,"[<selenium.webdriver.remote.webelement.WebElement (session=""47a8dc835b4ddf90bcdb6c8b469aee36"", element=""f7eab566-3bd8-4364-ae2f-f8a0fce07992"")>]",Piast Gliwice,Śląsk Wrocław,44%,56%,7,12,3,5,1,3,3,4,19,12,0,5,3,1,22,19,4,2,11,18,2,0,418,551,330,464,17,12,115,101,54,58,,
173,2022-2023, 9,"[<selenium.webdriver.remote.webelement.WebElement (session=""47a8dc835b4ddf90bcdb6c8b469aee36"", element=""6e45581a-f6c9-4205-9668-f4dbdcddd958"")>]",Jagiellonia Białystok,Stal Mielec,46%,54%,23,16,9,3,8,8,6,5,12,22,2,3,3,0,25,14,3,5,19,12,2,1,411,478,308,373,16,16,124,113,66,59,,
174,2022-2023, 9,"[<selenium.webdriver.remote.webelement.WebElement (session=""47a8dc835b4ddf90bcdb6c8b469aee36"", element=""1c2138cd-c128-4b72-9c8c-5451efd99887"")>]",Raków Częstochowa,Legia Warszawa,40%,60%,11,10,7,2,3,3,1,5,10,18,4,6,2,3,13,17,2,3,15,10,2,2,366,532,295,441,12,24,88,100,68,70,,
175,2022-2023, 9,"[<selenium.webdriver.remote.webelement.WebElement (session=""47a8dc835b4ddf90bcdb6c8b469aee36"", element=""410c2335-a015-44b7-bb28-34f6db2024df"")>]",Pogoń Szczecin,Lech Poznań,44%,56%,13,17,6,5,5,5,2,7,6,7,5,5,1,0,23,27,3,4,8,12,2,5,331,437,268,362,11,17,67,74,65,59,0,1
176,2022-2023, 9,"[<selenium.webdriver.remote.webelement.WebElement (session=""47a8dc835b4ddf90bcdb6c8b469aee36"", element=""1865aa67-9b7d-41ce-9b31-5c1dc8dd7c4a"")>]",Miedź Legnica,Korona Kielce,53%,47%,15,12,5,6,6,5,4,1,20,15,1,4,1,0,19,17,4,3,14,22,2,5,427,374,335,276,11,13,109,90,68,62,,
177,2022-2023, 9,"[<selenium.webdriver.remote.webelement.WebElement (session=""47a8dc835b4ddf90bcdb6c8b469aee36"", element=""92269ebe-ce22-4318-853c-119cce800de3"")>]",Górnik Zabrze,Piast Gliwice,75%,25%,23,6,7,2,7,3,9,1,9,12,5,0,0,1,28,21,0,4,12,13,2,3,562,187,491,108,8,12,94,65,69,31,0,1
178,2022-2023, 9,"[<selenium.webdriver.remote.webelement.WebElement (session=""47a8dc835b4ddf90bcdb6c8b469aee36"", element=""afa300ff-0e76-4f8a-a4ef-82ae8154add4"")>]",Radomiak Radom,Wisła Płock,41%,59%,15,7,5,2,8,3,2,2,14,13,2,1,1,0,25,28,2,3,10,14,4,3,332,489,248,388,12,18,86,89,56,59,,
179,2022-2023, 9,"[<selenium.webdriver.remote.webelement.WebElement (session=""47a8dc835b4ddf90bcdb6c8b469aee36"", element=""716d0755-b6c1-418a-924e-c0d4fa85ab97"")>]",Śląsk Wrocław,Lechia Gdańsk,49%,51%,11,6,6,2,3,1,2,3,19,8,6,8,1,6,20,28,1,4,8,15,3,4,363,376,278,298,11,16,99,94,54,65,0,1
180,2022-2023, 9,"[<selenium.webdriver.remote.webelement.WebElement (session=""47a8dc835b4ddf90bcdb6c8b469aee36"", element=""072a4372-7575-46cb-8043-c5538a29405c"")>]",Widzew Łódź,Cracovia,38%,62%,10,9,7,2,3,4,0,3,8,15,7,7,0,1,14,23,2,5,16,9,1,2,289,479,207,392,11,11,66,97,49,79,,
181,2022-2023, 9,"[<selenium.webdriver.remote.webelement.WebElement (session=""47a8dc835b4ddf90bcdb6c8b469aee36"", element=""3a6bad7f-1a24-455d-9775-aa3bda6792af"")>]",Warta Poznań,Zagłębie Lubin,50%,50%,16,9,5,4,5,2,6,3,12,13,5,6,1,0,17,23,2,3,12,13,2,0,429,422,344,325,12,11,94,99,54,61,,
182,2022-2023, 8,"[<selenium.webdriver.remote.webelement.WebElement (session=""47a8dc835b4ddf90bcdb6c8b469aee36"", element=""b1238284-04df-4412-91fb-20aa3fa3bb4f"")>]",Wisła Płock,Górnik Zabrze,52%,48%,10,16,2,3,2,8,6,5,18,12,3,7,2,3,25,21,2,1,9,16,1,1,414,367,303,285,21,21,88,112,50,65,1,0
183,2022-2023, 8,"[<selenium.webdriver.remote.webelement.WebElement (session=""47a8dc835b4ddf90bcdb6c8b469aee36"", element=""89ca11e3-a79e-4655-87b5-3fa0891b2a01"")>]",Piast Gliwice,Miedź Legnica,49%,51%,17,14,5,5,8,7,4,2,15,9,8,5,1,2,19,18,4,3,9,14,1,0,422,437,317,346,13,4,121,114,90,88,,
184,2022-2023, 8,"[<selenium.webdriver.remote.webelement.WebElement (session=""47a8dc835b4ddf90bcdb6c8b469aee36"", element=""25d4ed51-cea1-4f45-bd2d-bb0bfa81acf6"")>]",Lech Poznań,Widzew Łódź,56%,44%,18,15,7,0,6,8,5,7,7,11,3,4,1,1,22,23,0,5,11,9,1,2,482,368,420,286,10,8,99,73,75,45,,
185,2022-2023, 8,"[<selenium.webdriver.remote.webelement.WebElement (session=""47a8dc835b4ddf90bcdb6c8b469aee36"", element=""f4a63244-c922-49c3-ba31-6631237ffe96"")>]",Korona Kielce,Pogoń Szczecin,40%,60%,13,9,2,2,9,4,2,3,12,13,8,6,1,1,26,26,0,1,13,12,1,3,281,443,192,343,11,19,65,89,65,58,,
186,2022-2023, 8,"[<selenium.webdriver.remote.webelement.WebElement (session=""47a8dc835b4ddf90bcdb6c8b469aee36"", element=""0b136d7b-cb9c-40b6-9c72-dcfb17e37364"")>]",Zagłębie Lubin,Jagiellonia Białystok,54%,46%,29,12,9,1,14,4,6,7,14,10,7,4,1,3,24,17,0,8,8,12,,,423,371,330,272,16,17,97,77,79,54,,
187,2022-2023, 8,"[<selenium.webdriver.remote.webelement.WebElement (session=""47a8dc835b4ddf90bcdb6c8b469aee36"", element=""4636c183-cab5-4887-8c81-c153ed39a281"")>]",Cracovia,Raków Częstochowa,36%,64%,16,19,5,4,6,10,5,5,18,9,3,9,0,1,18,20,4,2,9,15,1,3,288,502,185,400,18,13,80,113,48,75,,
188,2022-2023, 8,"[<selenium.webdriver.remote.webelement.WebElement (session=""47a8dc835b4ddf90bcdb6c8b469aee36"", element=""0ffe4c86-56cf-4c50-ad31-b9a688e9cf14"")>]",Lechia Gdańsk,Warta Poznań,53%,47%,13,7,2,4,5,2,6,1,14,21,4,2,1,2,30,20,4,2,20,12,2,1,450,422,325,286,14,18,92,95,63,55,,
189,2022-2023, 8,"[<selenium.webdriver.remote.webelement.WebElement (session=""47a8dc835b4ddf90bcdb6c8b469aee36"", element=""2aadd4bf-4410-4a1c-97da-a6f070a70cd6"")>]",Stal Mielec,Śląsk Wrocław,42%,58%,5,12,3,3,0,6,2,3,9,17,3,6,3,3,23,25,3,2,15,7,2,1,372,513,281,418,20,15,91,98,41,61,,
190,2022-2023, 8,"[<selenium.webdriver.remote.webelement.WebElement (session=""47a8dc835b4ddf90bcdb6c8b469aee36"", element=""50c94054-87e8-4774-997f-c01f1697f8da"")>]",Legia Warszawa,Radomiak Radom,58%,42%,13,9,4,3,4,5,5,1,13,18,2,5,1,1,18,16,3,3,14,12,3,2,544,381,462,308,19,20,88,71,76,59,,
191,2022-2023, 6,"[<selenium.webdriver.remote.webelement.WebElement (session=""47a8dc835b4ddf90bcdb6c8b469aee36"", element=""df358aa6-36e7-40da-826a-d1d5fd3a101a"")>]",Lechia Gdańsk,Lech Poznań,48%,52%,14,22,3,8,6,8,5,6,10,12,2,4,2,0,19,18,5,3,10,10,4,1,450,498,361,412,21,16,84,98,53,55,,
192,2022-2023, 6,"[<selenium.webdriver.remote.webelement.WebElement (session=""47a8dc835b4ddf90bcdb6c8b469aee36"", element=""3dfb2999-c101-4dfc-b064-72d98eb2fde4"")>]",Raków Częstochowa,Pogoń Szczecin,50%,50%,15,10,7,2,6,4,2,4,9,17,6,2,2,1,20,25,2,6,16,9,5,5,413,412,313,306,22,18,100,97,94,68,,
193,2022-2023, 7,"[<selenium.webdriver.remote.webelement.WebElement (session=""47a8dc835b4ddf90bcdb6c8b469aee36"", element=""ecb46faf-4441-4c2f-840a-4be6d4588e68"")>]",Lech Poznań,Piast Gliwice,56%,44%,9,5,5,0,2,5,2,0,9,20,3,3,3,1,23,19,0,4,18,8,4,4,459,360,398,275,9,19,100,73,65,43,,
194,2022-2023, 7,"[<selenium.webdriver.remote.webelement.WebElement (session=""47a8dc835b4ddf90bcdb6c8b469aee36"", element=""bb419a39-e10f-4c86-80f0-a8ffbc5b0d68"")>]",Śląsk Wrocław,Raków Częstochowa,44%,56%,5,18,2,7,2,7,1,4,23,9,0,8,0,4,16,15,3,1,14,20,3,3,341,421,256,341,18,20,84,112,31,87,,
195,2022-2023, 7,"[<selenium.webdriver.remote.webelement.WebElement (session=""47a8dc835b4ddf90bcdb6c8b469aee36"", element=""e4691de9-50d3-4f13-9052-aa99a6c587ea"")>]",Cracovia,Warta Poznań,55%,45%,12,17,2,6,7,6,3,5,11,11,6,2,1,0,28,18,4,2,10,15,2,2,397,333,306,252,9,11,96,79,80,57,,
196,2022-2023, 7,"[<selenium.webdriver.remote.webelement.WebElement (session=""47a8dc835b4ddf90bcdb6c8b469aee36"", element=""d5922402-f206-48f5-b434-52061fcf3c42"")>]",Widzew Łódź,Wisła Płock,37%,63%,13,12,3,5,4,4,6,3,13,13,6,9,0,4,16,32,4,1,15,9,2,2,294,511,207,413,14,9,58,105,50,82,,
197,2022-2023, 7,"[<selenium.webdriver.remote.webelement.WebElement (session=""47a8dc835b4ddf90bcdb6c8b469aee36"", element=""8f100904-e9e4-474f-a881-d11576cfe93f"")>]",Pogoń Szczecin,Zagłębie Lubin,58%,42%,15,15,10,5,2,7,3,3,11,6,3,3,0,1,24,20,5,7,8,11,0,2,499,338,413,268,18,21,72,61,70,60,,
198,2022-2023, 7,"[<selenium.webdriver.remote.webelement.WebElement (session=""47a8dc835b4ddf90bcdb6c8b469aee36"", element=""3a43f9f1-182f-440b-bdeb-96f40abefaa5"")>]",Miedź Legnica,Lechia Gdańsk,29%,71%,6,17,3,6,2,8,1,3,13,10,4,16,1,3,23,14,5,1,9,11,2,3,218,500,138,433,20,8,82,113,44,119,1,0
199,2022-2023, 7,"[<selenium.webdriver.remote.webelement.WebElement (session=""47a8dc835b4ddf90bcdb6c8b469aee36"", element=""a84fa0c4-287c-4476-a463-0b3a89d0d013"")>]",Radomiak Radom,Korona Kielce,63%,37%,13,8,1,3,8,3,4,2,16,15,9,6,2,2,25,17,1,1,13,18,1,4,368,222,295,139,12,16,112,71,79,46,,
200,2022-2023, 7,"[<selenium.webdriver.remote.webelement.WebElement (session=""47a8dc835b4ddf90bcdb6c8b469aee36"", element=""4c43db6f-a9a2-4eca-988c-e7395d4cef6b"")>]",Stal Mielec,Legia Warszawa,51%,49%,5,16,1,3,2,6,2,7,19,9,5,7,1,6,29,16,2,1,8,14,1,3,425,404,325,321,19,17,98,98,76,69,,
201,2022-2023, 7,"[<selenium.webdriver.remote.webelement.WebElement (session=""47a8dc835b4ddf90bcdb6c8b469aee36"", element=""b29477ac-0f4d-4a50-bfff-5fcc44014bf0"")>]",Górnik Zabrze,Jagiellonia Białystok,63%,37%,19,21,4,7,9,7,6,7,15,11,8,1,3,2,22,26,6,3,9,13,4,3,451,271,354,179,13,26,108,90,85,58,,
202,2022-2023, 6,"[<selenium.webdriver.remote.webelement.WebElement (session=""47a8dc835b4ddf90bcdb6c8b469aee36"", element=""f78712aa-a76a-41e1-b504-9ef3bdf62a62"")>]",Piast Gliwice,Stal Mielec,37%,63%,18,4,9,1,6,3,3,0,15,21,5,2,2,0,11,22,1,5,18,15,2,2,287,498,208,409,9,9,72,116,61,73,,
203,2022-2023, 6,"[<selenium.webdriver.remote.webelement.WebElement (session=""47a8dc835b4ddf90bcdb6c8b469aee36"", element=""3e97f314-d9f1-423b-a176-d4304d51f1a4"")>]",Zagłębie Lubin,Radomiak Radom,58%,42%,21,16,3,5,11,6,7,5,9,13,8,6,1,0,21,18,4,3,13,8,0,3,459,337,385,248,8,13,121,81,95,60,,
204,2022-2023, 6,"[<selenium.webdriver.remote.webelement.WebElement (session=""47a8dc835b4ddf90bcdb6c8b469aee36"", element=""38347c7d-a8b8-4d84-aadf-1a88cf266334"")>]",Warta Poznań,Widzew Łódź,44%,56%,17,8,6,6,8,0,3,2,13,13,7,9,1,2,18,29,5,6,15,11,4,1,361,462,272,353,11,12,94,91,63,53,,
205,2022-2023, 6,"[<selenium.webdriver.remote.webelement.WebElement (session=""47a8dc835b4ddf90bcdb6c8b469aee36"", element=""c3292b23-adc9-4147-94e3-eee72a778772"")>]",Śląsk Wrocław,Cracovia,55%,45%,15,17,2,7,8,6,5,4,14,11,5,6,3,1,21,23,6,1,9,13,2,2,397,322,292,221,10,18,97,88,64,69,,
206,2022-2023, 6,"[<selenium.webdriver.remote.webelement.WebElement (session=""47a8dc835b4ddf90bcdb6c8b469aee36"", element=""74a8f143-6473-4531-b2a2-85cec5d1f315"")>]",Wisła Płock,Korona Kielce,63%,37%,14,18,3,7,7,10,4,1,13,13,6,4,2,2,14,20,6,1,14,12,1,1,433,249,351,176,15,9,82,86,52,42,,
207,2022-2023, 6,"[<selenium.webdriver.remote.webelement.WebElement (session=""47a8dc835b4ddf90bcdb6c8b469aee36"", element=""e754f864-be3f-431f-a776-3f599e4a5b8e"")>]",Legia Warszawa,Górnik Zabrze,62%,38%,13,13,5,4,6,5,2,4,19,8,3,8,1,3,19,21,2,3,8,19,3,5,429,250,325,171,17,9,99,89,53,66,0,1
208,2022-2023, 6,"[<selenium.webdriver.remote.webelement.WebElement (session=""47a8dc835b4ddf90bcdb6c8b469aee36"", element=""c48489d4-8069-465b-8286-20095909daeb"")>]",Jagiellonia Białystok,Miedź Legnica,64%,36%,21,11,7,3,10,5,4,3,20,10,5,1,1,0,24,15,2,5,10,21,2,3,500,282,404,187,11,12,138,93,104,36,0,1
209,2022-2023, 5,"[<selenium.webdriver.remote.webelement.WebElement (session=""47a8dc835b4ddf90bcdb6c8b469aee36"", element=""3cfb59c7-69ae-49d5-9bf5-44719c94fac5"")>]",Korona Kielce,Warta Poznań,43%,57%,14,9,3,3,7,3,4,3,23,14,7,4,0,4,18,16,2,3,15,19,3,2,318,448,230,355,10,12,89,111,74,71,1,0
210,2022-2023, 5,"[<selenium.webdriver.remote.webelement.WebElement (session=""47a8dc835b4ddf90bcdb6c8b469aee36"", element=""e7b9c4f0-2a77-45e5-ab8f-ad61b50d16f0"")>]",Lech Poznań,Śląsk Wrocław,63%,37%,19,7,6,3,11,4,2,0,14,10,6,2,2,0,23,20,2,6,8,14,0,4,534,318,454,223,15,13,122,79,88,29,,
211,2022-2023, 5,"[<selenium.webdriver.remote.webelement.WebElement (session=""47a8dc835b4ddf90bcdb6c8b469aee36"", element=""bab0b20a-b101-49ab-a192-0d79b513462a"")>]",Raków Częstochowa,Jagiellonia Białystok,47%,53%,15,12,3,4,7,5,5,3,9,15,4,2,6,2,28,14,2,1,11,8,2,6,387,443,302,344,17,20,90,75,74,51,,
212,2022-2023, 5,"[<selenium.webdriver.remote.webelement.WebElement (session=""47a8dc835b4ddf90bcdb6c8b469aee36"", element=""2ccca064-0f26-429f-bded-bcd56ef47ce6"")>]",Radomiak Radom,Lechia Gdańsk,35%,65%,16,12,8,5,5,5,3,2,14,18,2,5,3,2,16,17,4,4,17,15,2,3,246,465,182,386,11,11,77,114,42,78,,
213,2022-2023, 5,"[<selenium.webdriver.remote.webelement.WebElement (session=""47a8dc835b4ddf90bcdb6c8b469aee36"", element=""0b7dae9b-913a-4204-b93f-f3801e19682b"")>]",Pogoń Szczecin,Wisła Płock,48%,52%,23,13,8,4,7,2,8,7,8,13,14,7,1,2,18,21,2,6,12,6,2,1,368,412,291,335,9,8,66,58,89,67,,
214,2022-2023, 5,"[<selenium.webdriver.remote.webelement.WebElement (session=""47a8dc835b4ddf90bcdb6c8b469aee36"", element=""8007a1fb-926c-4bd1-8df7-2020bab5bc25"")>]",Górnik Zabrze,Stal Mielec,62%,38%,17,14,5,7,5,7,7,0,7,13,9,1,4,0,26,19,4,4,9,7,2,1,587,356,494,264,14,13,134,88,99,65,1,0
215,2022-2023, 5,"[<selenium.webdriver.remote.webelement.WebElement (session=""47a8dc835b4ddf90bcdb6c8b469aee36"", element=""16aecc80-0168-472a-8f48-2d87980f3d66"")>]",Cracovia,Piast Gliwice,57%,43%,12,9,3,4,6,3,3,2,10,10,13,2,1,2,22,15,3,3,12,7,3,2,445,351,348,261,18,15,81,79,84,61,,
216,2022-2023, 5,"[<selenium.webdriver.remote.webelement.WebElement (session=""47a8dc835b4ddf90bcdb6c8b469aee36"", element=""3f906b1c-e371-4a2a-ad01-8b996a8638b4"")>]",Widzew Łódź,Legia Warszawa,44%,56%,16,9,2,3,9,2,5,4,18,9,9,2,1,3,19,22,1,1,7,16,3,2,369,511,296,425,15,15,97,122,70,52,,
217,2022-2023, 5,"[<selenium.webdriver.remote.webelement.WebElement (session=""47a8dc835b4ddf90bcdb6c8b469aee36"", element=""90c21a04-40c2-469d-9540-d4f777ebc64a"")>]",Miedź Legnica,Zagłębie Lubin,41%,59%,12,21,3,8,8,8,1,5,9,17,1,4,3,0,26,29,7,3,16,10,5,1,325,452,226,350,17,24,103,113,64,91,,
218,2022-2023, 4,"[<selenium.webdriver.remote.webelement.WebElement (session=""47a8dc835b4ddf90bcdb6c8b469aee36"", element=""d86236a1-a5d5-4456-b70a-e8352a8d6f40"")>]",Wisła Płock,Miedź Legnica,55%,45%,15,19,9,8,4,5,2,6,12,16,3,6,4,1,27,17,7,5,13,11,3,1,448,365,356,292,25,18,119,118,73,84,,
219,2022-2023, 4,"[<selenium.webdriver.remote.webelement.WebElement (session=""47a8dc835b4ddf90bcdb6c8b469aee36"", element=""cd5da8f5-748e-4b8b-8bb0-ac07c86cd215"")>]",Górnik Zabrze,Raków Częstochowa,56%,44%,10,16,3,4,4,5,3,7,10,22,4,5,1,1,20,17,4,2,22,9,3,3,561,440,433,328,23,16,122,111,65,75,,
220,2022-2023, 4,"[<selenium.webdriver.remote.webelement.WebElement (session=""47a8dc835b4ddf90bcdb6c8b469aee36"", element=""68bf1e95-d5d9-4b97-8a32-9f5185dfd0ec"")>]",Zagłębie Lubin,Lech Poznań,44%,56%,16,12,7,2,6,6,3,4,12,12,7,4,0,0,29,26,1,6,13,12,1,1,308,418,225,320,18,23,99,105,101,70,,
221,2022-2023, 4,"[<selenium.webdriver.remote.webelement.WebElement (session=""47a8dc835b4ddf90bcdb6c8b469aee36"", element=""15f9ce6c-f979-44d3-a6a4-e183d4aede3d"")>]",Warta Poznań,Pogoń Szczecin,42%,58%,14,3,2,1,9,1,3,1,16,20,6,2,5,2,24,19,0,1,15,15,2,3,316,468,241,365,16,19,96,115,69,51,,
222,2022-2023, 4,"[<selenium.webdriver.remote.webelement.WebElement (session=""47a8dc835b4ddf90bcdb6c8b469aee36"", element=""e4714002-882a-46a7-b420-1b65499d8e97"")>]",Śląsk Wrocław,Widzew Łódź,54%,46%,15,10,4,4,11,5,0,1,16,8,8,6,0,7,16,13,4,4,10,8,2,0,470,393,399,331,19,14,110,76,86,64,,
223,2022-2023, 4,"[<selenium.webdriver.remote.webelement.WebElement (session=""47a8dc835b4ddf90bcdb6c8b469aee36"", element=""f24773ce-af91-4e85-b286-805128fcf570"")>]",Jagiellonia Białystok,Radomiak Radom,33%,67%,4,29,3,6,1,14,0,9,14,20,1,8,3,1,12,23,4,2,17,12,4,3,241,477,152,389,11,9,74,124,37,103,2,0
224,2022-2023, 4,"[<selenium.webdriver.remote.webelement.WebElement (session=""47a8dc835b4ddf90bcdb6c8b469aee36"", element=""13e6fe9c-9982-451b-8181-af05a78cc3c5"")>]",Lechia Gdańsk,Korona Kielce,67%,33%,12,20,2,6,3,11,7,3,20,15,6,7,1,2,37,23,5,2,16,19,2,4,458,217,360,144,13,19,88,75,62,61,,
225,2022-2023, 4,"[<selenium.webdriver.remote.webelement.WebElement (session=""47a8dc835b4ddf90bcdb6c8b469aee36"", element=""0cfe9265-12bd-4837-a3db-726f3bce2a2c"")>]",Legia Warszawa,Piast Gliwice,56%,44%,15,4,3,0,8,3,4,1,10,17,3,5,1,0,17,19,0,1,16,10,2,3,476,375,409,298,12,12,126,90,52,48,,
226,2022-2023, 4,"[<selenium.webdriver.remote.webelement.WebElement (session=""47a8dc835b4ddf90bcdb6c8b469aee36"", element=""35915a63-abe1-46ff-b609-0c68019f0c07"")>]",Stal Mielec,Cracovia,60%,40%,12,13,4,5,6,7,2,1,18,12,5,2,3,3,17,16,5,2,8,17,0,3,477,316,399,240,14,9,78,60,57,39,0,1
227,2022-2023, 3,"[<selenium.webdriver.remote.webelement.WebElement (session=""47a8dc835b4ddf90bcdb6c8b469aee36"", element=""099607a4-e3fb-4683-8e20-b301b511a779"")>]",Korona Kielce,Śląsk Wrocław,29%,71%,10,7,6,4,2,2,2,1,11,17,4,3,0,0,32,28,3,3,17,12,3,1,215,543,147,465,19,18,73,97,64,49,,
228,2022-2023, 3,"[<selenium.webdriver.remote.webelement.WebElement (session=""47a8dc835b4ddf90bcdb6c8b469aee36"", element=""8f8f4408-bef3-44af-9295-e834b54dfcf2"")>]",Widzew Łódź,Lechia Gdańsk,51%,49%,18,8,7,5,6,3,5,0,14,11,6,3,3,2,20,23,2,5,9,13,2,4,451,447,373,373,9,22,88,94,77,56,,
229,2022-2023, 3,"[<selenium.webdriver.remote.webelement.WebElement (session=""47a8dc835b4ddf90bcdb6c8b469aee36"", element=""46cc357b-ef89-498a-877b-10db1dad1cb8"")>]",Lech Poznań,Wisła Płock,55%,45%,16,16,7,3,5,8,4,5,14,16,14,2,2,2,23,12,0,6,14,12,2,3,445,363,367,287,12,18,122,77,104,45,,
230,2022-2023, 3,"[<selenium.webdriver.remote.webelement.WebElement (session=""47a8dc835b4ddf90bcdb6c8b469aee36"", element=""2f54a202-1e11-4c37-9950-1ffbf489f0e4"")>]",Raków Częstochowa,Stal Mielec,46%,54%,15,10,6,3,5,3,4,4,13,19,4,6,5,0,18,20,1,3,15,16,3,2,374,445,305,356,10,12,81,66,65,50,,
231,2022-2023, 3,"[<selenium.webdriver.remote.webelement.WebElement (session=""47a8dc835b4ddf90bcdb6c8b469aee36"", element=""25041950-6ef1-4253-b0e4-cb576f4fc15b"")>]",Pogoń Szczecin,Jagiellonia Białystok,45%,55%,7,18,2,4,3,10,2,4,17,14,3,9,1,6,24,25,4,1,16,12,3,2,304,363,203,280,14,16,69,75,46,83,,
232,2022-2023, 3,"[<selenium.webdriver.remote.webelement.WebElement (session=""47a8dc835b4ddf90bcdb6c8b469aee36"", element=""744848d0-ce24-4b2c-94af-0a5c4724d2a8"")>]",Miedź Legnica,Warta Poznań,66%,34%,16,8,2,4,9,3,5,1,14,12,4,4,1,4,22,20,2,1,11,10,3,3,641,320,535,228,8,15,124,103,85,68,,
233,2022-2023, 3,"[<selenium.webdriver.remote.webelement.WebElement (session=""47a8dc835b4ddf90bcdb6c8b469aee36"", element=""eebc23ab-2f65-4bec-94a9-910b4a2542cd"")>]",Radomiak Radom,Górnik Zabrze,50%,50%,17,8,4,4,5,2,8,2,15,17,6,3,0,3,31,33,1,4,17,14,4,4,355,358,248,246,15,15,130,148,70,67,,
234,2022-2023, 3,"[<selenium.webdriver.remote.webelement.WebElement (session=""47a8dc835b4ddf90bcdb6c8b469aee36"", element=""df868790-9ec3-4295-a70c-eae4e1c129d3"")>]",Cracovia,Legia Warszawa,32%,68%,12,15,7,1,5,8,0,6,9,17,4,6,2,1,23,17,1,4,15,9,4,2,249,531,173,448,16,18,97,132,60,66,,
235,2022-2023, 3,"[<selenium.webdriver.remote.webelement.WebElement (session=""47a8dc835b4ddf90bcdb6c8b469aee36"", element=""b208ea05-04fd-48d2-b7ff-9fd54449fcaa"")>]",Piast Gliwice,Zagłębie Lubin,56%,44%,10,13,2,5,6,4,2,4,11,19,5,5,0,1,18,21,4,2,19,11,2,3,421,338,341,253,10,5,90,76,70,65,0,1
236,2022-2023, 2,"[<selenium.webdriver.remote.webelement.WebElement (session=""47a8dc835b4ddf90bcdb6c8b469aee36"", element=""83ea222d-5e81-4ad1-ad8a-bd043cccc943"")>]",Stal Mielec,Radomiak Radom,53%,47%,8,13,3,5,0,7,5,1,16,12,6,3,1,0,17,19,4,2,13,16,2,3,434,389,363,326,16,14,106,112,62,62,,
237,2022-2023, 2,"[<selenium.webdriver.remote.webelement.WebElement (session=""47a8dc835b4ddf90bcdb6c8b469aee36"", element=""08e1c4de-217c-4470-b112-a5b5bede70d2"")>]",Śląsk Wrocław,Pogoń Szczecin,41%,59%,11,14,4,4,6,6,1,4,14,12,4,9,4,1,12,13,3,2,9,14,0,4,388,561,320,477,13,13,87,111,52,102,,
238,2022-2023, 2,"[<selenium.webdriver.remote.webelement.WebElement (session=""47a8dc835b4ddf90bcdb6c8b469aee36"", element=""de929e9d-c058-4995-b949-1660986f37d0"")>]",Legia Warszawa,Zagłębie Lubin,58%,42%,13,14,4,3,5,5,4,6,20,17,4,5,1,1,19,14,3,2,16,22,3,2,451,320,354,234,14,10,105,88,44,53,,
239,2022-2023, 2,"[<selenium.webdriver.remote.webelement.WebElement (session=""47a8dc835b4ddf90bcdb6c8b469aee36"", element=""625efe63-4769-4618-927d-7fad072ff86b"")>]",Cracovia,Korona Kielce,57%,43%,17,9,4,0,9,5,4,4,16,9,10,1,0,0,25,25,0,2,11,17,2,2,355,274,257,188,20,16,89,95,89,56,,
240,2022-2023, 2,"[<selenium.webdriver.remote.webelement.WebElement (session=""47a8dc835b4ddf90bcdb6c8b469aee36"", element=""cc8b64a4-f3ac-49a0-9b53-f7866015c73b"")>]",Jagiellonia Białystok,Widzew Łódź,51%,49%,23,11,5,4,8,5,10,2,21,15,8,1,0,3,19,19,2,5,16,19,1,2,367,361,280,285,18,22,108,66,86,35,,
241,2022-2023, 2,"[<selenium.webdriver.remote.webelement.WebElement (session=""47a8dc835b4ddf90bcdb6c8b469aee36"", element=""b6109414-6ec2-4d75-a1ae-21041ac5a736"")>]",Warta Poznań,Wisła Płock,41%,59%,14,22,2,9,6,8,6,5,14,14,7,5,2,2,19,21,5,2,12,11,2,1,307,522,234,445,18,12,84,88,53,58,,
242,2022-2023, 1,"[<selenium.webdriver.remote.webelement.WebElement (session=""47a8dc835b4ddf90bcdb6c8b469aee36"", element=""c232381d-763a-4c09-9dd8-333ac5a136a7"")>]",Górnik Zabrze,Cracovia,70%,30%,11,12,4,5,2,5,5,2,14,11,12,3,1,1,31,18,3,4,10,13,3,0,607,258,486,166,13,15,123,72,105,48,,
243,2022-2023, 1,"[<selenium.webdriver.remote.webelement.WebElement (session=""47a8dc835b4ddf90bcdb6c8b469aee36"", element=""957f6b16-0b9f-4860-bbe2-d6ced51f8e92"")>]",Pogoń Szczecin,Widzew Łódź,53%,47%,16,14,8,4,5,8,3,2,13,15,3,7,0,2,21,14,3,6,15,11,1,2,496,434,414,359,11,21,75,64,73,56,,
244,2022-2023, 1,"[<selenium.webdriver.remote.webelement.WebElement (session=""47a8dc835b4ddf90bcdb6c8b469aee36"", element=""408052c4-cd48-4fb0-8180-35ec05d74442"")>]",Wisła Płock,Lechia Gdańsk,57%,43%,21,9,7,4,7,2,7,3,11,14,7,6,2,2,20,20,4,4,11,10,1,3,528,394,432,303,14,7,86,81,64,56,,
245,2022-2023, 1,"[<selenium.webdriver.remote.webelement.WebElement (session=""47a8dc835b4ddf90bcdb6c8b469aee36"", element=""050b048d-3376-48d1-8bb3-0387c699deef"")>]",Radomiak Radom,Miedź Legnica,64%,36%,23,6,2,4,12,1,9,1,14,11,7,2,2,1,23,17,3,1,9,17,1,5,513,286,422,203,11,19,113,89,93,37,0,1
246,2022-2023, 1,"[<selenium.webdriver.remote.webelement.WebElement (session=""47a8dc835b4ddf90bcdb6c8b469aee36"", element=""69d2d927-86d9-438c-95e0-575c964970a5"")>]",Korona Kielce,Legia Warszawa,40%,60%,9,8,1,3,7,3,1,2,22,17,3,3,0,3,26,26,2,0,19,18,2,4,252,366,155,273,14,10,59,58,24,33,0,1
247,2022-2023, 1,"[<selenium.webdriver.remote.webelement.WebElement (session=""47a8dc835b4ddf90bcdb6c8b469aee36"", element=""f6a38745-b2e1-467e-a3ef-d71534f96a5b"")>]",Jagiellonia Białystok,Piast Gliwice,47%,53%,9,12,3,3,4,7,2,2,16,16,4,4,0,5,22,23,3,1,16,10,4,3,402,441,281,327,11,18,90,99,46,69,,
248,2022-2023, 1,"[<selenium.webdriver.remote.webelement.WebElement (session=""47a8dc835b4ddf90bcdb6c8b469aee36"", element=""f1dab29f-153f-475e-9a45-aee1dc102ec2"")>]",Lech Poznań,Stal Mielec,63%,37%,19,9,5,4,7,4,7,1,10,15,8,2,1,1,15,23,2,5,13,12,1,1,559,344,474,260,12,12,104,68,88,32,,
249,2022-2023, 1,"[<selenium.webdriver.remote.webelement.WebElement (session=""47a8dc835b4ddf90bcdb6c8b469aee36"", element=""b5e00d0e-ace1-4a62-b4a0-de64600afd1f"")>]",Zagłębie Lubin,Śląsk Wrocław,51%,49%,8,15,3,5,4,6,1,4,12,18,1,7,1,2,21,28,5,3,17,10,1,3,425,419,332,321,15,9,115,100,72,69,,
250,2022-2023, 1,"[<selenium.webdriver.remote.webelement.WebElement (session=""47a8dc835b4ddf90bcdb6c8b469aee36"", element=""21274c82-e23a-4c09-ab9f-fd01472190ef"")>]",Raków Częstochowa,Warta Poznań,49%,51%,10,8,7,1,3,4,0,3,16,17,3,3,4,0,19,22,1,6,13,16,1,1,411,437,283,314,21,14,105,106,65,68,,
